#; CPU time in ms; temp1 in C; temp2 in C; ax1 in m/s^2; ay1 in m/s^2; az1 in m/s^2; ax2 in m/s^2; ay2 in m/s^2; az2 in m/s^2; volt1; volt2; cur1; cur2; cur3; cur4; cur5; speed in m/s
1; 22542; 26,8000; 28,4500; -9,6798; -0,2490; 0,4717; 9,9000; 0,0503; 0,2394; 992,0000; 1017,0000; 510,0000; 502,0000; 507,0000; 509,0000; 511,0000; 0,0000
2; 22553; 26,8000; 28,4500; -9,7085; -0,2634; 0,5219; 9,9503; 0,0527; 0,2849; 989,0000; 1017,0000; 512,0000; 503,0000; 510,0000; 510,0000; 512,0000; 0,0000
3; 22563; 26,8000; 28,4500; -9,5792; -0,3017; 0,4980; 9,8881; 0,1221; 0,2346; 991,0000; 1016,0000; 510,0000; 504,0000; 509,0000; 510,0000; 509,0000; 0,0000
4; 22578; 26,8000; 28,4500; -9,6486; -0,2897; 0,4621; 9,9431; 0,0670; 0,3065; 993,0000; 1016,0000; 509,0000; 505,0000; 511,0000; 509,0000; 509,0000; 0,0000
5; 22588; 26,8000; 28,4500; -9,6893; -0,2777; 0,6081; 9,9742; 0,1269; 0,2801; 991,0000; 1016,0000; 510,0000; 504,0000; 511,0000; 511,0000; 510,0000; 0,0000
6; 22599; 26,8000; 28,4500; -9,6223; -0,3280; 0,4597; 9,9910; 0,1173; 0,2346; 989,0000; 1016,0000; 508,0000; 503,0000; 510,0000; 509,0000; 511,0000; 0,0000
7; 22614; 26,7900; 28,4500; -9,7037; -0,2634; 0,5076; 9,9958; 0,1580; 0,3184; 990,0000; 1017,0000; 513,0000; 505,0000; 511,0000; 508,0000; 511,0000; 0,0000
8; 22624; 26,7900; 28,4500; -9,6630; -0,2346; 0,5602; 9,9551; 0,0575; 0,3160; 990,0000; 1016,0000; 510,0000; 503,0000; 509,0000; 510,0000; 510,0000; 0,0000
9; 22635; 26,7900; 28,4500; -9,6055; -0,3065; 0,4573; 9,9790; 0,1173; 0,2634; 991,0000; 1017,0000; 510,0000; 504,0000; 509,0000; 510,0000; 512,0000; 0,0000
10; 22652; 26,7900; 28,4500; -9,6606; -0,2777; 0,5243; 9,9000; 0,0910; 0,2514; 991,0000; 1016,0000; 511,0000; 503,0000; 510,0000; 511,0000; 510,0000; 0,0000
11; 22663; 26,7900; 28,4500; -9,6510; -0,3136; 0,5507; 9,9288; 0,0239; 0,3376; 992,0000; 1017,0000; 511,0000; 504,0000; 509,0000; 506,0000; 512,0000; 0,0000
12; 22673; 26,7900; 28,4500; -9,6079; -0,2394; 0,5674; 9,9766; 0,1580; 0,3735; 990,0000; 1017,0000; 510,0000; 505,0000; 509,0000; 509,0000; 510,0000; 0,0000
13; 22690; 26,7900; 28,4500; -9,5888; -0,2849; 0,5650; 9,9383; 0,1556; 0,2658; 990,0000; 1017,0000; 512,0000; 506,0000; 511,0000; 509,0000; 509,0000; 0,0000
14; 22700; 26,7900; 28,4500; -9,6654; -0,3136; 0,5578; 9,9671; 0,1293; 0,2777; 990,0000; 1016,0000; 509,0000; 506,0000; 508,0000; 508,0000; 510,0000; 0,0000
15; 22711; 26,8000; 28,4500; -9,6391; -0,2921; 0,6369; 9,9288; 0,1484; 0,2634; 991,0000; 1016,0000; 512,0000; 505,0000; 510,0000; 507,0000; 510,0000; 0,0000
16; 22721; 26,8000; 28,4500; -9,6462; -0,3711; 0,3879; 9,8833; 0,0934; 0,2203; 994,0000; 1017,0000; 510,0000; 504,0000; 510,0000; 508,0000; 511,0000; 0,0000
17; 22735; 26,8000; 28,4500; -9,6247; -0,2921; 0,5339; 9,9455; 0,0646; 0,2897; 996,0000; 1016,0000; 511,0000; 505,0000; 509,0000; 509,0000; 511,0000; 0,0000
18; 22745; 26,8000; 28,4500; -9,6798; -0,3184; 0,4884; 10,0102; 0,0814; 0,2921; 990,0000; 1016,0000; 508,0000; 504,0000; 510,0000; 509,0000; 511,0000; 0,0000
19; 22756; 26,8000; 28,4500; -9,6726; -0,2370; 0,5387; 9,8785; 0,1125; 0,3112; 992,0000; 1017,0000; 511,0000; 505,0000; 511,0000; 509,0000; 513,0000; 0,0000
20; 22771; 26,8000; 28,4500; -9,6582; -0,2610; 0,6249; 9,9192; 0,1484; 0,3184; 990,0000; 1016,0000; 510,0000; 502,0000; 510,0000; 509,0000; 510,0000; 0,0000
21; 22781; 26,8000; 28,4500; -9,6558; -0,2586; 0,5076; 9,9216; -0,0048; 0,2969; 993,0000; 1017,0000; 511,0000; 503,0000; 512,0000; 509,0000; 511,0000; 0,0000
22; 22792; 26,8000; 28,4500; -9,7133; -0,2610; 0,5124; 9,9479; 0,0622; 0,2873; 994,0000; 1017,0000; 510,0000; 502,0000; 509,0000; 508,0000; 511,0000; 0,0000
23; 22809; 26,8000; 28,4500; -9,6462; -0,2921; 0,5435; 9,9742; 0,0886; 0,2945; 992,0000; 1017,0000; 509,0000; 507,0000; 509,0000; 509,0000; 512,0000; 0,0000
24; 22820; 26,8000; 28,4500; -9,6199; -0,2921; 0,4980; 9,9120; 0,0862; 0,3974; 990,0000; 1016,0000; 510,0000; 505,0000; 510,0000; 512,0000; 512,0000; 0,0000
25; 22830; 26,8000; 28,4500; -9,6295; -0,3472; 0,5148; 9,9407; 0,1030; 0,2801; 990,0000; 1019,0000; 512,0000; 506,0000; 508,0000; 510,0000; 508,0000; 0,0000
26; 22847; 26,8000; 28,4500; -9,6103; -0,2586; 0,4980; 9,8713; 0,0694; 0,3041; 990,0000; 1017,0000; 512,0000; 506,0000; 509,0000; 509,0000; 512,0000; 0,0000
27; 22857; 26,8000; 28,4500; -9,6630; -0,2394; 0,5674; 9,9719; 0,1149; 0,2753; 990,0000; 1018,0000; 511,0000; 505,0000; 509,0000; 508,0000; 510,0000; 0,0000
28; 22868; 26,8000; 28,4500; -9,6295; -0,3017; 0,4549; 9,9288; 0,0862; 0,2897; 995,0000; 1016,0000; 512,0000; 505,0000; 513,0000; 510,0000; 509,0000; 0,0000
29; 22878; 26,8000; 28,4500; -9,5888; -0,2921; 0,4357; 10,0533; 0,1269; 0,3160; 990,0000; 1016,0000; 512,0000; 505,0000; 510,0000; 509,0000; 511,0000; 0,0000
30; 22892; 26,8000; 28,4500; -9,7300; -0,2801; 0,5602; 10,0078; 0,1293; 0,3280; 994,0000; 1016,0000; 510,0000; 504,0000; 510,0000; 510,0000; 508,0000; 0,0000
31; 22902; 26,8000; 28,4500; -9,6462; -0,2993; 0,5315; 9,8809; 0,0192; 0,3639; 990,0000; 1016,0000; 510,0000; 506,0000; 511,0000; 508,0000; 511,0000; 0,0000
32; 22913; 26,8000; 28,4500; -9,6007; -0,2825; 0,5339; 9,8641; 0,1221; 0,2394; 990,0000; 1016,0000; 512,0000; 505,0000; 510,0000; 509,0000; 508,0000; 0,0000
33; 22928; 26,8000; 28,4500; -9,6798; -0,2873; 0,5986; 9,9551; 0,1484; 0,2729; 990,0000; 1017,0000; 510,0000; 504,0000; 510,0000; 510,0000; 511,0000; 0,0000
34; 22938; 26,8000; 28,4500; -9,6606; -0,3424; 0,5722; 9,9240; 0,1700; 0,2873; 991,0000; 1016,0000; 510,0000; 504,0000; 511,0000; 510,0000; 510,0000; 0,0000
35; 22949; 26,8000; 28,4500; -9,5888; -0,2466; 0,4932; 9,8545; 0,0622; 0,2873; 992,0000; 1017,0000; 512,0000; 505,0000; 510,0000; 510,0000; 511,0000; 0,0000
36; 22966; 26,8000; 28,4500; -9,6822; -0,3041; 0,5243; 9,9838; 0,0910; 0,3615; 991,0000; 1017,0000; 509,0000; 506,0000; 509,0000; 509,0000; 510,0000; 0,0000
37; 22977; 26,8000; 28,4500; -9,6630; -0,3208; 0,5028; 9,9455; 0,1125; 0,1772; 992,0000; 1017,0000; 512,0000; 505,0000; 511,0000; 511,0000; 510,0000; 0,0000
38; 22987; 26,8000; 28,4500; -9,5696; -0,2921; 0,5171; 9,8282; 0,0311; 0,2107; 991,0000; 1017,0000; 512,0000; 504,0000; 511,0000; 508,0000; 508,0000; 0,0000
39; 23002; 26,7900; 28,4500; -9,6798; -0,2298; 0,4932; 9,9719; 0,0814; 0,3017; 992,0000; 1017,0000; 509,0000; 505,0000; 510,0000; 509,0000; 512,0000; 0,0000
40; 23013; 26,7900; 28,4500; -9,6845; -0,2466; 0,5842; 9,9048; 0,0479; 0,3041; 990,0000; 1017,0000; 510,0000; 505,0000; 509,0000; 511,0000; 510,0000; 0,0000
41; 23024; 26,7900; 28,4500; -9,6414; -0,2418; 0,6201; 9,8378; 0,1197; 0,3304; 994,0000; 1017,0000; 510,0000; 504,0000; 511,0000; 510,0000; 511,0000; 0,0000
42; 23037; 26,7900; 28,4500; -9,5960; -0,2921; 0,5124; 9,9479; 0,1341; 0,3017; 991,0000; 1017,0000; 512,0000; 505,0000; 510,0000; 512,0000; 512,0000; 0,0000
43; 23048; 26,7900; 28,4500; -9,6941; -0,2825; 0,5076; 9,9240; 0,0862; 0,2658; 990,0000; 1016,0000; 511,0000; 507,0000; 510,0000; 511,0000; 510,0000; 0,0000
44; 23058; 26,7900; 28,4500; -9,6678; -0,3160; 0,4693; 9,9264; 0,1269; 0,2777; 990,0000; 1016,0000; 513,0000; 505,0000; 512,0000; 509,0000; 509,0000; 0,0000
45; 23069; 26,7900; 28,4500; -9,5912; -0,2825; 0,5124; 9,8737; 0,1053; 0,2298; 990,0000; 1017,0000; 509,0000; 505,0000; 510,0000; 511,0000; 508,0000; 0,0000
46; 23084; 26,7900; 28,4500; -9,6606; -0,3543; 0,4764; 9,9790; 0,1532; 0,3041; 990,0000; 1016,0000; 512,0000; 505,0000; 509,0000; 509,0000; 509,0000; 0,0000
47; 23094; 26,7900; 28,4500; -9,6391; -0,2969; 0,5267; 9,9575; 0,0862; 0,3256; 995,0000; 1016,0000; 510,0000; 504,0000; 510,0000; 510,0000; 513,0000; 0,0000
48; 23105; 26,7900; 28,4500; -9,6223; -0,2801; 0,5076; 9,9168; 0,1484; 0,3089; 994,0000; 1017,0000; 509,0000; 504,0000; 509,0000; 511,0000; 509,0000; 0,0000
49; 23122; 26,7900; 28,4500; -9,6606; -0,2801; 0,5531; 9,9671; 0,1365; 0,2993; 993,0000; 1017,0000; 512,0000; 502,0000; 508,0000; 509,0000; 509,0000; 0,0000
50; 23133; 26,7900; 28,4500; -9,6438; -0,2873; 0,6488; 9,9168; 0,1030; 0,2969; 992,0000; 1017,0000; 511,0000; 504,0000; 508,0000; 509,0000; 511,0000; 0,0000
51; 23143; 26,7900; 28,4500; -9,5792; -0,2203; 0,5387; 9,9072; 0,1484; 0,2562; 991,0000; 1017,0000; 509,0000; 505,0000; 511,0000; 510,0000; 511,0000; 0,0000
52; 23159; 26,7900; 28,4500; -9,6486; -0,2873; 0,4717; 9,9551; 0,0192; 0,2179; 991,0000; 1017,0000; 511,0000; 505,0000; 509,0000; 509,0000; 510,0000; 0,0000
53; 23169; 26,7900; 28,4500; -9,6798; -0,2873; 0,5986; 9,9503; 0,1341; 0,2849; 989,0000; 1017,0000; 510,0000; 504,0000; 510,0000; 508,0000; 509,0000; 0,0000
54; 23180; 26,7900; 28,4500; -9,6103; -0,2849; 0,5004; 9,8976; 0,1006; 0,2442; 991,0000; 1016,0000; 511,0000; 504,0000; 510,0000; 510,0000; 512,0000; 0,0000
55; 23193; 26,8000; 28,4500; -9,5984; -0,3615; 0,4956; 9,9359; 0,1508; 0,2514; 994,0000; 1016,0000; 511,0000; 503,0000; 509,0000; 508,0000; 510,0000; 0,0000
56; 23204; 26,8000; 28,4500; -9,7061; -0,2705; 0,5938; 9,9000; 0,1125; 0,3041; 994,0000; 1016,0000; 510,0000; 504,0000; 512,0000; 510,0000; 510,0000; 0,0000
57; 23214; 26,8000; 28,4500; -9,6271; -0,2538; 0,5674; 9,9551; 0,1101; 0,2251; 992,0000; 1017,0000; 511,0000; 507,0000; 509,0000; 510,0000; 510,0000; 0,0000
58; 23225; 26,8000; 28,4500; -9,6271; -0,3424; 0,5387; 9,9599; 0,0862; 0,2969; 991,0000; 1017,0000; 511,0000; 504,0000; 511,0000; 509,0000; 510,0000; 0,0000
59; 23240; 26,8000; 28,4500; -9,6630; -0,2322; 0,4645; 9,9120; 0,0072; 0,3352; 991,0000; 1017,0000; 512,0000; 504,0000; 509,0000; 509,0000; 510,0000; 0,0000
60; 23250; 26,8000; 28,4500; -9,6750; -0,2586; 0,4836; 9,9383; 0,1006; 0,2849; 992,0000; 1017,0000; 511,0000; 505,0000; 510,0000; 508,0000; 509,0000; 0,0000
61; 23261; 26,8000; 28,4500; -9,6271; -0,2442; 0,5363; 9,9096; 0,0814; 0,2682; 983,0000; 1017,0000; 513,0000; 505,0000; 510,0000; 510,0000; 511,0000; 0,0000
62; 23278; 26,8000; 28,4500; -9,6845; -0,2658; 0,4693; 9,9407; 0,1006; 0,2849; 989,0000; 1017,0000; 511,0000; 505,0000; 510,0000; 508,0000; 510,0000; 0,0000
63; 23289; 26,8000; 28,4500; -9,6845; -0,3424; 0,4788; 9,9431; 0,0958; 0,2729; 992,0000; 1017,0000; 510,0000; 506,0000; 511,0000; 511,0000; 511,0000; 0,0000
64; 23299; 26,8000; 28,4500; -9,6271; -0,3112; 0,5531; 9,9503; 0,0622; 0,3017; 990,0000; 1016,0000; 512,0000; 505,0000; 509,0000; 510,0000; 510,0000; 0,0000
65; 23315; 26,8000; 28,4500; -9,6247; -0,3184; 0,4812; 9,9048; 0,1197; 0,3328; 993,0000; 1016,0000; 512,0000; 505,0000; 509,0000; 509,0000; 510,0000; 0,0000
66; 23326; 26,8000; 28,4500; -9,6774; -0,2825; 0,5148; 9,9910; 0,1125; 0,3208; 994,0000; 1017,0000; 510,0000; 503,0000; 508,0000; 510,0000; 510,0000; 0,0000
67; 23336; 26,8000; 28,4500; -9,6127; -0,2849; 0,4836; 9,8713; 0,1389; 0,2370; 992,0000; 1016,0000; 510,0000; 504,0000; 509,0000; 511,0000; 512,0000; 0,0000
68; 23350; 26,8000; 28,4500; -9,6510; -0,3184; 0,5722; 9,9934; 0,0862; 0,3496; 992,0000; 1019,0000; 510,0000; 505,0000; 510,0000; 509,0000; 510,0000; 0,0000
69; 23360; 26,8000; 28,4500; -9,6798; -0,3256; 0,5578; 9,9216; 0,1341; 0,2490; 993,0000; 1016,0000; 511,0000; 505,0000; 509,0000; 508,0000; 510,0000; 0,0000
70; 23371; 26,8000; 28,4500; -9,5912; -0,2346; 0,6057; 9,9240; 0,0766; 0,2897; 992,0000; 1017,0000; 511,0000; 504,0000; 511,0000; 510,0000; 513,0000; 0,0000
71; 23382; 26,8000; 28,4500; -9,6247; -0,2777; 0,5459; 9,9982; 0,1628; 0,2658; 991,0000; 1017,0000; 512,0000; 505,0000; 509,0000; 509,0000; 510,0000; 0,0000
72; 23396; 26,8000; 28,4500; -9,6367; -0,1532; 0,4597; 8,9974; -0,1101; -0,0694; 993,0000; 1017,0000; 508,0000; 505,0000; 509,0000; 508,0000; 509,0000; 0,0000
73; 23407; 26,8000; 28,4500; -9,0477; -0,3663; 0,4142; 10,2903; 0,1844; 0,6752; 991,0000; 1017,0000; 513,0000; 503,0000; 510,0000; 509,0000; 511,0000; 0,0000
74; 23417; 26,8000; 28,4500; -9,7300; -0,1891; 0,6656; 9,6247; 0,1221; -0,2370; 990,0000; 1017,0000; 511,0000; 506,0000; 509,0000; 511,0000; 508,0000; 0,0000
75; 23435; 26,8000; 28,4500; -9,8378; -0,4334; 0,6081; 10,1490; 0,0910; 0,2179; 990,0000; 1016,0000; 512,0000; 506,0000; 510,0000; 509,0000; 512,0000; 0,0000
76; 23445; 26,8000; 28,4500; -9,8689; -0,2107; 0,1437; 9,6486; 0,0862; -0,3400; 992,0000; 1017,0000; 511,0000; 503,0000; 509,0000; 509,0000; 509,0000; 0,0000
77; 23456; 26,8000; 28,4500; -9,6031; -0,3567; 0,7709; 10,1610; 0,0982; 0,6177; 991,0000; 1016,0000; 510,0000; 502,0000; 510,0000; 510,0000; 509,0000; 0,0000
78; 23472; 26,8000; 28,4500; -9,6343; -0,2514; 0,5076; 9,7468; 0,0886; 0,1891; 989,0000; 1016,0000; 512,0000; 504,0000; 509,0000; 511,0000; 509,0000; 0,0000
79; 23483; 26,8000; 28,4500; -9,6367; -0,3160; 0,7278; 10,1394; 0,0934; 0,6201; 991,0000; 1017,0000; 508,0000; 506,0000; 511,0000; 508,0000; 510,0000; 0,0000
80; 23493; 26,7900; 28,4500; -9,6630; -0,3280; 0,4166; 9,8545; 0,1580; 0,1365; 994,0000; 1020,0000; 511,0000; 503,0000; 508,0000; 511,0000; 511,0000; 0,0000
81; 23507; 26,7900; 28,4500; -9,5050; -0,3017; 0,6464; 10,0078; 0,1628; 0,5411; 999,0000; 1016,0000; 511,0000; 504,0000; 511,0000; 508,0000; 510,0000; 0,0000
82; 23517; 26,7900; 28,4500; -9,5744; -0,2753; 0,3519; 9,8881; 0,0479; -0,0192; 990,0000; 1017,0000; 510,0000; 506,0000; 511,0000; 509,0000; 510,0000; 0,0000
83; 23528; 26,7900; 28,4500; -9,5481; -0,2634; 0,6656; 9,9982; 0,1700; 0,8188; 951,0000; 988,0000; 526,0000; 497,0000; 493,0000; 508,0000; 510,0000; 0,0000
84; 23538; 26,7900; 28,4500; -9,3158; -0,3735; 0,4693; 9,9886; -0,0072; 0,3136; 975,0000; 954,0000; 530,0000; 499,0000; 498,0000; 506,0000; 505,0000; 0,0000
85; 23553; 26,7900; 28,4500; -9,5816; -0,3376; 0,6369; 10,0509; 0,1221; 0,2418; 935,0000; 970,0000; 526,0000; 502,0000; 505,0000; 506,0000; 529,0000; 0,0000
86; 23564; 26,7900; 28,4500; -9,5888; -0,4046; 0,5291; 10,0149; 0,0120; 0,4286; 934,0000; 993,0000; 528,0000; 505,0000; 513,0000; 506,0000; 509,0000; 0,0000
87; 23574; 26,7900; 28,4500; -9,2943; -0,3711; 1,4293; 10,7404; 0,0431; -2,0159; 928,0000; 1023,0000; 520,0000; 501,0000; 509,0000; 505,0000; 533,0000; 0,0000
88; 23591; 26,7900; 28,4500; -9,1794; -0,2705; 0,9529; 9,8904; -0,0431; -0,0910; 938,0000; 1011,0000; 507,0000; 504,0000; 526,0000; 510,0000; 526,0000; 0,0000
89; 23601; 26,7900; 28,4500; -9,7707; -0,2227; 0,7997; 9,9695; 0,0144; 0,5555; 944,0000; 986,0000; 499,0000; 507,0000; 518,0000; 506,0000; 525,0000; 0,0000
90; 23612; 26,7900; 28,4500; -9,5600; -0,2107; 0,4932; 9,8665; 0,0622; 0,2346; 935,0000; 968,0000; 489,0000; 504,0000; 507,0000; 507,0000; 528,0000; 0,0000
91; 23627; 26,7900; 28,4500; -9,6438; -0,5004; 0,6153; 9,8904; 0,0670; 0,5650; 977,0000; 967,0000; 506,0000; 503,0000; 489,0000; 507,0000; 528,0000; 0,0000
92; 23638; 26,7900; 28,4500; -9,6678; -0,3112; 0,4453; 9,9407; 0,1030; 0,2825; 973,0000; 1023,0000; 525,0000; 500,0000; 506,0000; 507,0000; 533,0000; 0,0000
93; 23648; 26,7900; 28,4500; -9,6893; -0,3184; 0,4908; 9,9766; 0,0694; 0,2729; 993,0000; 972,0000; 523,0000; 502,0000; 524,0000; 513,0000; 524,0000; 0,0000
94; 23662; 26,7900; 28,4500; -9,6079; -0,2945; 0,5459; 10,1442; 0,1939; 0,1508; 999,0000; 944,0000; 496,0000; 504,0000; 518,0000; 511,0000; 520,0000; 0,0000
95; 23672; 26,7900; 28,4500; -9,7779; -0,2490; 0,5507; 9,8378; 0,1413; 0,1915; 956,0000; 996,0000; 491,0000; 500,0000; 502,0000; 505,0000; 521,0000; 0,0000
96; 23683; 26,8000; 28,4500; -9,5888; -0,3041; 0,6847; 10,0796; 0,0958; 0,5531; 937,0000; 957,0000; 520,0000; 504,0000; 491,0000; 507,0000; 514,0000; 0,0000
97; 23694; 26,8000; 28,4500; -9,4906; -0,4357; 0,4717; 9,8904; 0,1053; 0,3376; 963,0000; 962,0000; 526,0000; 502,0000; 519,0000; 506,0000; 498,0000; 0,0000
98; 23708; 26,8000; 28,4500; -9,7229; -0,1484; 0,5459; 10,1179; 0,1101; 0,3807; 916,0000; 1018,0000; 490,0000; 501,0000; 517,0000; 506,0000; 534,0000; 0,0000
99; 23719; 26,8000; 28,4500; -9,5577; -0,3879; 0,5842; 10,0126; 0,1269; 0,4022; 940,0000; 971,0000; 511,0000; 502,0000; 490,0000; 513,0000; 511,0000; 0,0000
100; 23729; 26,8000; 28,4500; -9,7803; -0,2418; 0,3496; 10,0724; 0,1053; 0,2634; 916,0000; 1023,0000; 525,0000; 502,0000; 511,0000; 512,0000; 528,0000; 0,0000
101; 23748; 26,8000; 28,4500; -9,7516; -0,1197; 0,3998; 9,9814; 0,0599; 0,4717; 956,0000; 979,0000; 495,0000; 502,0000; 495,0000; 509,0000; 516,0000; 0,0000
102; 23758; 26,8000; 28,4500; -9,7396; -0,1389; 0,4357; 10,0437; 0,2322; 0,3496; 945,0000; 1023,0000; 525,0000; 501,0000; 500,0000; 497,0000; 526,0000; 0,0000
103; 23769; 26,8000; 28,4500; -9,5193; -0,3711; 0,6393; 9,9168; 0,0431; 0,3519; 981,0000; 955,0000; 505,0000; 500,0000; 527,0000; 507,0000; 529,0000; 0,0000
104; 23785; 26,7900; 28,4500; -9,6079; -0,3328; 0,4597; 10,0269; 0,0455; 0,1891; 959,0000; 948,0000; 526,0000; 504,0000; 494,0000; 508,0000; 532,0000; 0,0000
105; 23795; 26,7900; 28,4500; -9,6606; -0,3400; 0,5411; 9,9742; 0,1389; 0,1652; 914,0000; 982,0000; 505,0000; 498,0000; 523,0000; 514,0000; 511,0000; 0,0000
106; 23806; 26,7900; 28,4500; -9,6726; -0,2298; 0,5986; 9,8019; 0,0575; 0,1915; 985,0000; 969,0000; 501,0000; 508,0000; 494,0000; 504,0000; 522,0000; 0,0000
107; 23820; 26,7900; 28,4500; -9,6391; -0,2370; 0,4597; 9,9144; 0,0359; 0,3663; 986,0000; 962,0000; 504,0000; 500,0000; 520,0000; 505,0000; 506,0000; 0,0000
108; 23830; 26,7900; 28,4500; -9,7827; -0,3184; 0,5746; 9,9719; 0,1628; 0,3017; 990,0000; 966,0000; 507,0000; 500,0000; 491,0000; 506,0000; 531,0000; 0,0000
109; 23841; 26,7900; 28,4500; -9,6726; -0,3280; 0,4693; 9,8737; 0,0503; 0,3328; 971,0000; 1016,0000; 515,0000; 502,0000; 529,0000; 506,0000; 522,0000; 0,0000
110; 23856; 26,7900; 28,4500; -9,5792; -0,3352; 0,6273; 9,9838; 0,1987; 0,2490; 961,0000; 987,0000; 521,0000; 509,0000; 495,0000; 506,0000; 506,0000; 0,0000
111; 23866; 26,7900; 28,4500; -9,7013; -0,2682; 0,5124; 9,9072; 0,2203; 0,3903; 950,0000; 996,0000; 498,0000; 499,0000; 525,0000; 507,0000; 534,0000; 0,0000
112; 23877; 26,8000; 28,4500; -9,6654; -0,2753; 0,4645; 9,9575; 0,1006; 0,2514; 968,0000; 982,0000; 523,0000; 502,0000; 494,0000; 509,0000; 523,0000; 0,0000
113; 23887; 26,8000; 28,4500; -9,5936; -0,2514; 0,5028; 9,9575; 0,0239; 0,2753; 978,0000; 1023,0000; 489,0000; 501,0000; 514,0000; 508,0000; 535,0000; 0,0000
114; 23904; 26,8000; 28,4500; -9,7372; -0,3663; 0,5195; 9,8617; 0,0455; 0,2586; 952,0000; 972,0000; 500,0000; 501,0000; 525,0000; 509,0000; 530,0000; 0,0000
115; 23914; 26,8000; 28,4500; -9,6558; -0,3639; 0,5626; 9,9790; 0,1197; 0,3711; 988,0000; 983,0000; 520,0000; 509,0000; 497,0000; 508,0000; 512,0000; 0,0000
116; 23925; 26,8000; 28,4500; -9,5888; -0,1820; 0,4022; 9,8928; 0,1796; 0,1867; 943,0000; 976,0000; 490,0000; 501,0000; 508,0000; 504,0000; 530,0000; 0,0000
117; 23941; 26,8000; 28,4500; -9,7037; -0,3208; 0,6201; 9,9479; 0,1341; 0,2394; 946,0000; 982,0000; 491,0000; 502,0000; 518,0000; 511,0000; 528,0000; 0,0000
118; 23952; 26,8000; 28,4500; -9,6893; -0,3256; 0,5626; 9,9048; -0,0072; 0,3112; 929,0000; 1013,0000; 524,0000; 502,0000; 511,0000; 505,0000; 533,0000; 0,0000
119; 23962; 26,8000; 28,4500; -9,6343; -0,3543; 0,6249; 10,1394; 0,0215; 0,4046; 940,0000; 1023,0000; 500,0000; 505,0000; 491,0000; 510,0000; 525,0000; 0,0000
120; 23976; 26,7900; 28,4500; -9,6223; -0,3280; 0,6440; 9,9551; 0,0982; 0,4046; 993,0000; 979,0000; 491,0000; 511,0000; 509,0000; 510,0000; 526,0000; 0,0000
121; 23986; 26,7900; 28,4500; -9,6079; -0,3232; 0,7207; 9,8641; 0,1101; 0,4381; 990,0000; 958,0000; 513,0000; 502,0000; 524,0000; 506,0000; 502,0000; 0,0000
122; 23997; 26,7900; 28,4500; -9,6127; -0,3017; 0,5722; 9,9120; 0,1532; 0,1748; 975,0000; 1020,0000; 520,0000; 504,0000; 494,0000; 504,0000; 516,0000; 0,0000
123; 24012; 26,7900; 28,4500; -9,6199; -0,3424; 0,5602; 9,8474; 0,0886; 0,2155; 957,0000; 1009,0000; 515,0000; 503,0000; 489,0000; 506,0000; 534,0000; 0,0000
124; 24022; 26,7900; 28,4500; -9,6822; -0,2801; 0,4860; 10,0556; 0,1556; 0,3663; 934,0000; 966,0000; 489,0000; 503,0000; 507,0000; 508,0000; 525,0000; 0,0000
125; 24033; 26,7900; 28,4500; -9,5888; -0,2753; 0,6081; 9,8617; 0,0359; 0,3711; 968,0000; 1019,0000; 522,0000; 502,0000; 523,0000; 508,0000; 518,0000; 0,0000
126; 24043; 26,7900; 28,4500; -9,6151; -0,2370; 0,5243; 9,8713; 0,1101; 0,2490; 992,0000; 953,0000; 516,0000; 503,0000; 490,0000; 505,0000; 500,0000; 0,0000
127; 24061; 26,7900; 28,4500; -9,7396; -0,3160; 0,5483; 9,9790; 0,0455; 0,2227; 996,0000; 1002,0000; 525,0000; 500,0000; 505,0000; 505,0000; 532,0000; 0,0000
128; 24071; 26,7900; 28,4500; -9,5529; -0,3735; 0,4381; 9,9431; 0,0215; 0,1460; 912,0000; 1013,0000; 494,0000; 504,0000; 495,0000; 505,0000; 525,0000; 0,0000
129; 24082; 26,7900; 28,4500; -9,7564; -0,3376; 0,4836; 9,9407; 0,0934; 0,3112; 938,0000; 972,0000; 509,0000; 503,0000; 524,0000; 508,0000; 530,0000; 0,0000
130; 24098; 26,7900; 28,4500; -9,7013; -0,2155; 0,5746; 9,9120; 0,1125; 0,2322; 963,0000; 958,0000; 509,0000; 503,0000; 524,0000; 512,0000; 509,0000; 0,0000
131; 24109; 26,7900; 28,4500; -9,6630; -0,3400; 0,6201; 9,9551; 0,0575; 0,4573; 933,0000; 974,0000; 526,0000; 503,0000; 506,0000; 507,0000; 527,0000; 0,0000
132; 24119; 26,7900; 28,4500; -9,5577; -0,3879; 0,6393; 9,8833; 0,0072; 0,2179; 940,0000; 979,0000; 498,0000; 502,0000; 493,0000; 508,0000; 526,0000; 0,0000
133; 24133; 26,7900; 28,4500; -9,6462; -0,2777; 0,5770; 9,9431; 0,1293; 0,3519; 993,0000; 967,0000; 490,0000; 502,0000; 509,0000; 517,0000; 512,0000; 0,0000
134; 24143; 26,7900; 28,4500; -9,5816; -0,2658; 0,4741; 9,9934; 0,1125; 0,3567; 914,0000; 977,0000; 517,0000; 501,0000; 525,0000; 506,0000; 504,0000; 0,0000
135; 24154; 26,7900; 28,4500; -9,6893; -0,3424; 0,5674; 9,9742; 0,0551; 0,3017; 911,0000; 1023,0000; 521,0000; 505,0000; 494,0000; 507,0000; 519,0000; 0,0000
136; 24169; 26,8000; 28,4500; -9,6247; -0,2634; 0,5578; 9,9647; 0,2682; 0,2035; 916,0000; 993,0000; 514,0000; 499,0000; 491,0000; 507,0000; 525,0000; 0,0000
137; 24179; 26,8000; 28,4500; -9,6917; -0,2322; 0,4645; 9,9814; 0,1101; 0,2227; 927,0000; 1017,0000; 491,0000; 502,0000; 509,0000; 513,0000; 514,0000; 0,0000
138; 24190; 26,8000; 28,4500; -9,6462; -0,3687; 0,3974; 9,8162; 0,1077; 0,2969; 945,0000; 977,0000; 524,0000; 502,0000; 523,0000; 509,0000; 519,0000; 0,0000
139; 24200; 26,8000; 28,4500; -9,5193; -0,2538; 0,5004; 9,9671; 0,1077; 0,1963; 930,0000; 1023,0000; 516,0000; 503,0000; 498,0000; 509,0000; 525,0000; 0,0000
140; 24217; 26,8000; 28,4500; -9,6438; -0,2682; 0,7111; 9,8497; 0,0766; 0,1724; 908,0000; 1021,0000; 519,0000; 507,0000; 495,0000; 504,0000; 525,0000; 0,0000
141; 24227; 26,8000; 28,4500; -9,5672; -0,2729; 0,5746; 9,9695; 0,1820; 0,0718; 917,0000; 1023,0000; 491,0000; 503,0000; 507,0000; 506,0000; 529,0000; 0,0000
142; 24238; 26,8000; 28,4500; -9,6414; -0,3448; 0,4717; 9,9599; 0,0646; 0,2729; 985,0000; 961,0000; 507,0000; 501,0000; 530,0000; 506,0000; 525,0000; 0,0000
143; 24254; 26,8000; 28,4500; -9,6271; -0,2969; 0,5052; 9,9838; 0,1676; 0,3687; 931,0000; 970,0000; 506,0000; 506,0000; 525,0000; 507,0000; 499,0000; 0,0000
144; 24265; 26,8000; 28,4500; -9,6965; -0,3041; 0,4166; 9,9647; 0,1077; 0,3376; 981,0000; 969,0000; 527,0000; 501,0000; 503,0000; 510,0000; 531,0000; 0,0000
145; 24275; 26,8000; 28,4500; -9,5696; -0,2921; 0,5483; 9,8952; 0,1173; 0,3974; 990,0000; 968,0000; 499,0000; 501,0000; 498,0000; 507,0000; 531,0000; 0,0000
146; 24289; 26,8000; 28,4500; -9,7013; -0,3950; 0,4453; 9,9742; 0,0886; 0,1796; 952,0000; 988,0000; 491,0000; 502,0000; 511,0000; 509,0000; 528,0000; 0,0000
147; 24299; 26,8000; 28,4500; -9,5361; -0,1963; 0,4836; 9,9168; 0,1053; 0,3615; 912,0000; 1011,0000; 520,0000; 504,0000; 520,0000; 507,0000; 512,0000; 0,0000
148; 24310; 26,8000; 28,4500; -9,5936; -0,1963; 0,5866; 9,9383; 0,1245; 0,2993; 970,0000; 957,0000; 517,0000; 502,0000; 490,0000; 513,0000; 528,0000; 0,0000
149; 24325; 26,8000; 28,4400; -9,6223; -0,3017; 0,5387; 9,9647; 0,0694; 0,3519; 981,0000; 917,0000; 505,0000; 488,0000; 499,0000; 517,0000; 556,0000; 0,0000
150; 24335; 26,8000; 28,4400; -10,0245; -0,1628; 0,6991; 10,0461; 0,3352; 0,2825; 857,0000; 954,0000; 491,0000; 500,0000; 509,0000; 525,0000; 554,0000; 0,0000
151; 24346; 26,8000; 28,4400; -9,9910; -0,1317; 0,0000; 9,9096; -0,1197; 0,5100; 887,0000; 947,0000; 518,0000; 495,0000; 516,0000; 524,0000; 560,0000; 0,0000
152; 24364; 26,8000; 28,4400; -9,7205; -0,1939; 0,1772; 10,0628; 0,0192; 0,3974; 873,0000; 1023,0000; 501,0000; 507,0000; 522,0000; 522,0000; 533,0000; 0,0000
153; 24374; 26,8000; 28,4400; -9,2225; -0,4669; 0,9194; 10,0173; 0,0263; 0,2562; 898,0000; 899,0000; 520,0000; 515,0000; 498,0000; 514,0000; 537,0000; 0,0000
154; 24385; 26,8000; 28,4400; -9,5960; -0,4118; 0,5650; 9,9623; 0,1796; 0,2969; 920,0000; 895,0000; 495,0000; 525,0000; 507,0000; 507,0000; 536,0000; 0,0000
155; 24395; 26,8000; 28,4400; -10,1011; -0,2035; 0,4166; 9,8330; 0,0551; 0,5315; 955,0000; 881,0000; 506,0000; 510,0000; 525,0000; 487,0000; 553,0000; 0,0000
156; 24412; 26,8000; 28,4400; -9,5361; -0,0862; 0,5459; 9,8952; 0,2921; 0,4693; 868,0000; 883,0000; 504,0000; 492,0000; 517,0000; 489,0000; 547,0000; 0,0000
157; 24422; 26,8000; 28,4400; -9,6343; -0,1700; 0,4549; 10,0341; 0,0335; 0,2993; 944,0000; 935,0000; 526,0000; 484,0000; 501,0000; 505,0000; 550,0000; 0,0000
158; 24433; 26,8000; 28,4400; -9,4427; -0,3711; 0,5076; 9,6630; 0,1245; 0,3496; 856,0000; 1023,0000; 488,0000; 493,0000; 490,0000; 523,0000; 525,0000; 0,0000
159; 24446; 26,8000; 28,4400; -9,5984; -0,2466; 0,6800; 10,0245; 0,1484; 0,2442; 869,0000; 1016,0000; 486,0000; 519,0000; 502,0000; 503,0000; 533,0000; 0,0000
160; 24457; 26,8000; 28,4400; -9,7037; -0,2227; 0,6823; 10,1610; 0,1891; 0,5555; 881,0000; 927,0000; 512,0000; 506,0000; 524,0000; 487,0000; 540,0000; 0,0000
161; 24467; 26,8000; 28,4400; -9,5433; -0,1963; 0,8595; 10,1299; 0,0455; 0,0527; 904,0000; 1023,0000; 513,0000; 483,0000; 488,0000; 495,0000; 549,0000; 0,0000
162; 24482; 26,8000; 28,4400; -9,4451; -0,1772; 0,7039; 10,0197; 0,1484; 0,3711; 840,0000; 1023,0000; 508,0000; 506,0000; 493,0000; 523,0000; 549,0000; 0,0000
163; 24493; 26,8000; 28,4400; -9,3541; -0,2705; 0,4046; 10,2232; 0,1676; 0,5148; 881,0000; 936,0000; 489,0000; 511,0000; 508,0000; 486,0000; 539,0000; 0,0000
164; 24503; 26,8000; 28,4400; -9,2991; -0,2873; 0,6033; 10,1394; -0,0383; 0,3855; 897,0000; 980,0000; 520,0000; 485,0000; 516,0000; 499,0000; 537,0000; 0,0000
165; 24520; 26,8000; 28,4400; -9,8737; -0,2849; 0,6345; 9,9359; -0,0192; 0,0503; 873,0000; 903,0000; 513,0000; 519,0000; 519,0000; 516,0000; 536,0000; 0,0000
166; 24530; 26,8000; 28,4400; -9,5361; -0,4046; 0,5124; 9,9407; 0,2897; 0,2370; 883,0000; 969,0000; 519,0000; 491,0000; 487,0000; 482,0000; 565,0000; 0,0000
167; 24541; 26,8000; 28,4400; -9,5122; -0,3543; 0,3591; 9,9719; 0,1245; 0,4286; 871,0000; 880,0000; 487,0000; 483,0000; 500,0000; 521,0000; 544,0000; 0,0000
168; 24551; 26,8000; 28,4400; -9,5313; -0,1125; 0,6776; 10,0006; 0,1221; 0,2514; 902,0000; 890,0000; 516,0000; 519,0000; 521,0000; 499,0000; 550,0000; 0,0000
169; 24568; 26,7900; 28,4400; -9,8138; -0,4501; 0,7422; 9,8617; 0,1077; 0,3089; 962,0000; 971,0000; 506,0000; 489,0000; 523,0000; 528,0000; 548,0000; 0,0000
170; 24578; 26,7900; 28,4400; -9,9096; -0,3950; 0,2179; 9,9240; 0,2083; 0,2442; 944,0000; 962,0000; 526,0000; 516,0000; 493,0000; 493,0000; 550,0000; 0,0000
171; 24589; 26,7900; 28,4400; -9,5074; -0,2801; 0,5818; 9,7396; 0,0335; 0,3472; 944,0000; 901,0000; 488,0000; 481,0000; 498,0000; 510,0000; 513,0000; 0,0000
172; 24602; 26,7900; 28,4400; -9,7444; -0,3424; 0,5890; 10,0030; 0,1628; 0,1197; 963,0000; 935,0000; 494,0000; 512,0000; 511,0000; 489,0000; 527,0000; 0,0000
173; 24613; 26,7900; 28,4400; -9,5744; -0,2394; 0,6393; 9,8737; 0,0575; 0,1748; 921,0000; 867,0000; 520,0000; 489,0000; 513,0000; 525,0000; 532,0000; 0,0000
174; 24623; 26,7900; 28,4400; -9,4643; -0,2227; 0,6656; 9,8067; 0,2083; 0,1460; 832,0000; 876,0000; 515,0000; 511,0000; 485,0000; 487,0000; 540,0000; 0,0000
175; 24638; 26,7900; 28,4400; -9,5026; -0,1628; 0,4884; 9,8545; 0,2083; 0,4621; 922,0000; 930,0000; 502,0000; 514,0000; 496,0000; 517,0000; 558,0000; 0,0000
176; 24649; 26,7900; 28,4400; -9,7755; -0,1915; 0,3089; 9,9527; 0,1867; 0,2921; 870,0000; 954,0000; 489,0000; 482,0000; 516,0000; 499,0000; 549,0000; 0,0000
177; 24659; 26,8000; 28,4400; -9,6295; -0,2634; 0,6081; 9,9599; 0,0694; 0,2729; 889,0000; 1023,0000; 522,0000; 519,0000; 508,0000; 505,0000; 556,0000; 0,0000
178; 24677; 26,8000; 28,4400; -9,6127; -0,3136; 0,4286; 9,9599; 0,1676; 0,2586; 870,0000; 911,0000; 512,0000; 522,0000; 517,0000; 506,0000; 553,0000; 0,0000
179; 24687; 26,8000; 28,4400; -9,6630; -0,2490; 0,5842; 10,0317; 0,0742; 0,3759; 880,0000; 895,0000; 517,0000; 482,0000; 497,0000; 515,0000; 531,0000; 0,0000
180; 24698; 26,8000; 28,4400; -9,6079; -0,2514; 0,5243; 9,9120; 0,1293; 0,2562; 937,0000; 922,0000; 490,0000; 497,0000; 500,0000; 490,0000; 530,0000; 0,0000
181; 24714; 26,8000; 28,4400; -9,6223; -0,2801; 0,5674; 9,9719; 0,1580; 0,3543; 943,0000; 923,0000; 489,0000; 507,0000; 498,0000; 481,0000; 550,0000; 0,0000
182; 24724; 26,8000; 28,4400; -9,6055; -0,2346; 0,5650; 10,0389; 0,1939; 0,3400; 886,0000; 963,0000; 510,0000; 518,0000; 519,0000; 517,0000; 534,0000; 0,0000
183; 24735; 26,8000; 28,4400; -9,7564; -0,3711; 0,6393; 9,9072; 0,1437; 0,3041; 934,0000; 971,0000; 523,0000; 482,0000; 494,0000; 517,0000; 533,0000; 0,0000
184; 24745; 26,8000; 28,4400; -9,6726; -0,1460; 0,4741; 9,7564; 0,1101; 0,2107; 894,0000; 965,0000; 493,0000; 494,0000; 495,0000; 481,0000; 530,0000; 0,0000
185; 24759; 26,8000; 28,4400; -9,7348; -0,2849; 0,5052; 10,0772; 0,1173; 0,2873; 857,0000; 916,0000; 490,0000; 499,0000; 511,0000; 480,0000; 545,0000; 0,0000
186; 24770; 26,8000; 28,4400; -9,5385; -0,2442; 0,4788; 9,9407; 0,0622; 0,4453; 863,0000; 981,0000; 514,0000; 520,0000; 517,0000; 502,0000; 513,0000; 0,0000
187; 24780; 26,8000; 28,4400; -9,5816; -0,3184; 0,6991; 10,0461; 0,1341; 0,4453; 852,0000; 989,0000; 514,0000; 500,0000; 488,0000; 527,0000; 548,0000; 0,0000
188; 24795; 26,8000; 28,4400; -9,6007; -0,3543; 0,5004; 10,0533; 0,0527; 0,3711; 908,0000; 994,0000; 509,0000; 510,0000; 485,0000; 521,0000; 526,0000; 0,0000
189; 24805; 26,8000; 28,4500; -9,8833; -0,3735; 0,6464; 9,8761; 0,0646; 0,3807; 896,0000; 894,0000; 495,0000; 492,0000; 522,0000; 523,0000; 544,0000; 0,0000
190; 24816; 26,8000; 28,4500; -9,5241; -0,3974; 0,6464; 10,0149; 0,0120; 0,0958; 839,0000; 921,0000; 528,0000; 477,0000; 505,0000; 503,0000; 508,0000; 0,0000
191; 24833; 26,8000; 28,4500; -9,6103; -0,2514; 0,3496; 9,8713; 0,0551; 0,2634; 810,0000; 896,0000; 517,0000; 508,0000; 521,0000; 528,0000; 519,0000; 0,0000
192; 24843; 26,8000; 28,4500; -9,5050; -0,2298; 0,7039; 9,7683; 0,1867; 0,0934; 873,0000; 917,0000; 520,0000; 490,0000; 490,0000; 523,0000; 551,0000; 0,0000
193; 24854; 26,8000; 28,4500; -9,6391; -0,3280; 0,5195; 10,0341; 0,0383; 0,4429; 928,0000; 985,0000; 492,0000; 487,0000; 507,0000; 521,0000; 536,0000; 0,0000
194; 24870; 26,8000; 28,4500; -9,7229; -0,1915; 0,5914; 10,0054; 0,0503; 0,1867; 867,0000; 912,0000; 490,0000; 519,0000; 504,0000; 501,0000; 553,0000; 0,0000
195; 24880; 26,8000; 28,4500; -9,7444; -0,3160; 0,3974; 9,8904; 0,1030; 0,1532; 897,0000; 970,0000; 516,0000; 514,0000; 522,0000; 514,0000; 537,0000; 0,0000
196; 24891; 26,8000; 28,4500; -9,4595; -0,1915; 0,4645; 9,9695; 0,0910; 0,3879; 922,0000; 918,0000; 519,0000; 516,0000; 488,0000; 520,0000; 543,0000; 0,0000
197; 24901; 26,8000; 28,4400; -9,4906; -0,3256; 0,6129; 9,9551; 0,1365; 0,2059; 852,0000; 948,0000; 488,0000; 510,0000; 509,0000; 523,0000; 536,0000; 0,0000
198; 24915; 26,8000; 28,4400; -9,5960; -0,2634; 0,9792; 9,9814; 0,0982; 0,3879; 904,0000; 916,0000; 498,0000; 514,0000; 518,0000; 492,0000; 559,0000; 0,0000
199; 24926; 26,8000; 28,4400; -9,5457; -0,2705; 0,5219; 9,9479; 0,0000; 0,3615; 903,0000; 963,0000; 518,0000; 511,0000; 520,0000; 487,0000; 561,0000; 0,0000
200; 24936; 26,8000; 28,4400; -9,5816; -0,2394; 0,6033; 10,1538; 0,1437; 0,1365; 903,0000; 904,0000; 507,0000; 523,0000; 484,0000; 492,0000; 548,0000; 0,0000
201; 24951; 26,8000; 28,4400; -9,6127; -0,3065; 0,5339; 9,8833; 0,0886; 0,5219; 924,0000; 902,0000; 499,0000; 484,0000; 487,0000; 515,0000; 545,0000; 0,0000
202; 24961; 26,8000; 28,4400; -9,4906; -0,1604; 0,5363; 9,9623; 0,1460; 0,2203; 924,0000; 979,0000; 499,0000; 491,0000; 519,0000; 527,0000; 531,0000; 0,0000
203; 24972; 26,8000; 28,4400; -9,5433; -0,3136; 0,3903; 10,0963; 0,1125; 0,3615; 852,0000; 904,0000; 524,0000; 501,0000; 504,0000; 526,0000; 516,0000; 0,0000
204; 24989; 26,8000; 28,4400; -9,7588; -0,3711; 0,4836; 9,8043; 0,1149; 0,4070; 928,0000; 974,0000; 520,0000; 484,0000; 521,0000; 519,0000; 536,0000; 0,0000
205; 25000; 26,8000; 28,4500; -9,5050; -0,2442; 0,6129; 10,0221; 0,0910; 0,1844; 875,0000; 930,0000; 516,0000; 492,0000; 487,0000; 524,0000; 537,0000; 0,0000
206; 25010; 26,8000; 28,4500; -9,9144; -0,3879; 0,5938; 9,9240; 0,0766; 0,1748; 917,0000; 923,0000; 488,0000; 511,0000; 510,0000; 525,0000; 540,0000; 0,0000
207; 25036; 26,8000; 28,4500; -9,4786; -0,2203; 0,7159; 9,9671; 0,0263; 0,3400; 896,0000; 937,0000; 517,0000; 501,0000; 514,0000; 526,0000; 553,0000; 0,0000
208; 25047; 26,8000; 28,4500; -9,7109; -0,2969; 0,4884; 9,9814; 0,0766; 0,2131; 877,0000; 928,0000; 513,0000; 522,0000; 487,0000; 514,0000; 528,0000; 0,0000
209; 25057; 26,8000; 28,4500; -9,8234; -0,3615; 0,3017; 9,8067; 0,1508; 0,3352; 883,0000; 994,0000; 489,0000; 506,0000; 509,0000; 496,0000; 541,0000; 0,0000
210; 25068; 26,8000; 28,4500; -9,7420; -0,3831; 0,2610; 9,8497; 0,1556; 0,2993; 938,0000; 913,0000; 519,0000; 488,0000; 518,0000; 497,0000; 533,0000; 0,0000
211; 25083; 26,8000; 28,4500; -9,5361; -0,2370; 0,4645; 9,7564; 0,0599; 0,1269; 904,0000; 896,0000; 519,0000; 496,0000; 514,0000; 480,0000; 556,0000; 0,0000
212; 25094; 26,8000; 28,4500; -9,7229; -0,2586; 0,5483; 10,2113; 0,0527; 0,7326; 839,0000; 905,0000; 505,0000; 481,0000; 487,0000; 511,0000; 520,0000; 0,0000
213; 25104; 26,8000; 28,4400; -9,6031; -0,2466; 0,4357; 10,1107; 0,1341; 0,0000; 944,0000; 1023,0000; 492,0000; 509,0000; 512,0000; 525,0000; 536,0000; 0,0000
214; 25120; 26,8000; 28,4400; -9,4786; -0,2753; 0,5459; 10,2137; 0,1508; 0,2179; 938,0000; 959,0000; 490,0000; 508,0000; 504,0000; 524,0000; 534,0000; 0,0000
215; 25131; 26,8000; 28,4400; -9,5912; -0,3065; 1,0319; 9,7324; 0,2035; 0,4812; 912,0000; 910,0000; 523,0000; 502,0000; 523,0000; 492,0000; 538,0000; 0,0000
216; 25142; 26,8000; 28,4400; -9,6391; -0,0718; 0,6488; 9,9503; 0,0024; 0,3208; 833,0000; 1023,0000; 510,0000; 480,0000; 486,0000; 511,0000; 553,0000; 0,0000
217; 25155; 26,8000; 28,4400; -9,6654; -0,4334; 0,4214; 9,7324; 0,1484; 0,3903; 834,0000; 1023,0000; 492,0000; 496,0000; 493,0000; 481,0000; 502,0000; 0,0000
218; 25166; 26,8000; 28,4400; -9,5720; -0,2203; 0,7254; 9,9431; 0,2274; 0,4334; 966,0000; 922,0000; 505,0000; 487,0000; 522,0000; 518,0000; 542,0000; 0,0000
219; 25176; 26,8000; 28,4400; -9,5960; -0,3687; 0,5171; 9,8857; 0,2705; 0,1508; 882,0000; 954,0000; 520,0000; 516,0000; 499,0000; 506,0000; 553,0000; 0,0000
220; 25191; 26,8000; 28,4400; -9,5648; -0,2370; 0,5602; 10,1897; 0,0120; 0,2490; 919,0000; 903,0000; 504,0000; 505,0000; 483,0000; 522,0000; 551,0000; 0,0000
221; 25202; 26,8000; 28,4400; -9,7971; -0,5148; 0,2682; 9,9766; 0,0982; 0,0910; 864,0000; 1004,0000; 502,0000; 503,0000; 521,0000; 487,0000; 537,0000; 0,0000
222; 25212; 26,8000; 28,4400; -9,6438; -0,3256; 0,5411; 9,9311; 0,1125; 0,2203; 948,0000; 891,0000; 517,0000; 484,0000; 493,0000; 511,0000; 546,0000; 0,0000
223; 25229; 26,8000; 28,4400; -9,7324; -0,2634; 0,5962; 9,5002; 0,0455; 0,2418; 857,0000; 1006,0000; 512,0000; 506,0000; 494,0000; 527,0000; 548,0000; 0,0000
224; 25240; 26,8000; 28,4400; -9,4930; -0,0287; 0,4884; 9,8426; 0,1317; 0,1508; 941,0000; 925,0000; 492,0000; 511,0000; 515,0000; 496,0000; 535,0000; 0,0000
225; 25251; 26,8000; 28,4400; -9,6965; -0,2682; 0,4310; 10,0317; 0,0359; 0,1987; 920,0000; 956,0000; 520,0000; 482,0000; 503,0000; 499,0000; 530,0000; 0,0000
226; 25261; 26,8000; 28,4400; -9,6750; -0,3687; 0,5267; 10,0365; 0,0479; 0,1820; 921,0000; 902,0000; 496,0000; 508,0000; 513,0000; 522,0000; 547,0000; 0,0000
227; 25277; 26,8000; 28,4400; -9,6295; -0,1676; 0,4310; 9,9647; 0,0838; 0,1891; 903,0000; 898,0000; 508,0000; 507,0000; 534,0000; 518,0000; 552,0000; 0,0000
228; 25288; 26,8000; 28,4400; -9,5744; -0,3112; 0,3472; 9,7659; 0,0790; 0,2753; 879,0000; 943,0000; 505,0000; 516,0000; 484,0000; 487,0000; 537,0000; 0,0000
229; 25298; 26,8000; 28,4500; -9,5960; -0,2993; 0,5315; 9,8090; 0,1484; 0,3328; 927,0000; 953,0000; 504,0000; 480,0000; 523,0000; 508,0000; 520,0000; 0,0000
230; 25312; 26,8000; 28,4500; -9,8426; -0,3208; 0,6991; 10,3358; 0,0551; 0,1939; 897,0000; 940,0000; 516,0000; 508,0000; 494,0000; 484,0000; 538,0000; 0,0000
231; 25322; 26,8000; 28,4500; -9,5122; -0,2083; 0,3831; 10,0293; 0,0311; 0,1724; 967,0000; 989,0000; 498,0000; 485,0000; 521,0000; 516,0000; 539,0000; 0,0000
232; 25333; 26,8000; 28,4500; -9,4834; -0,1796; 0,2873; 9,8497; 0,3424; 0,1365; 935,0000; 1000,0000; 505,0000; 517,0000; 494,0000; 512,0000; 539,0000; 0,0000
233; 25348; 26,8000; 28,4500; -9,7324; -0,3184; 0,5842; 10,1993; 0,0958; 0,2801; 876,0000; 991,0000; 490,0000; 514,0000; 518,0000; 521,0000; 538,0000; 0,0000
234; 25358; 26,8000; 28,4500; -9,7707; -0,2059; -0,0958; 10,1107; 0,0096; 0,5866; 893,0000; 956,0000; 510,0000; 505,0000; 496,0000; 484,0000; 529,0000; 0,0000
235; 25369; 26,8000; 28,4500; -9,7659; -0,3328; 0,5890; 10,0963; -0,0168; 0,2897; 884,0000; 931,0000; 510,0000; 483,0000; 521,0000; 508,0000; 551,0000; 0,0000
236; 25386; 26,8000; 28,4400; -9,6271; -0,4094; 0,4669; 9,9479; 0,0192; -0,1006; 880,0000; 929,0000; 519,0000; 498,0000; 492,0000; 525,0000; 515,0000; 0,0000
237; 25397; 26,8000; 28,4400; -9,8378; -0,2753; 0,8188; 10,1562; 0,1437; 0,5650; 958,0000; 1023,0000; 507,0000; 519,0000; 525,0000; 500,0000; 517,0000; 0,0000
238; 25407; 26,8000; 28,4400; -9,7588; -0,3256; 0,3256; 9,8521; 0,0120; 0,4310; 915,0000; 898,0000; 495,0000; 485,0000; 494,0000; 494,0000; 538,0000; 0,0000
239; 25418; 26,8000; 28,4400; -9,7348; -0,3998; 0,4980; 10,1873; 0,1006; 0,1006; 867,0000; 904,0000; 525,0000; 501,0000; 504,0000; 525,0000; 555,0000; 0,0000
240; 25434; 26,8000; 28,4400; -9,7396; -0,0718; 0,4094; 10,0245; 0,0742; 0,1628; 879,0000; 1023,0000; 486,0000; 508,0000; 496,0000; 521,0000; 552,0000; 0,0000
241; 25445; 26,8000; 28,4400; -9,6247; -0,2155; 0,2346; 9,8976; 0,1748; 0,3041; 892,0000; 900,0000; 523,0000; 507,0000; 493,0000; 486,0000; 549,0000; 0,0000
242; 25455; 26,8000; 28,4400; -9,7779; -0,2011; 0,3711; 9,8402; 0,2083; 0,1389; 980,0000; 937,0000; 510,0000; 480,0000; 521,0000; 506,0000; 556,0000; 0,0000
243; 25469; 26,8000; 28,4400; -9,7899; -0,1891; 0,6584; 9,8186; 0,1365; 0,5243; 844,0000; 916,0000; 485,0000; 495,0000; 498,0000; 483,0000; 525,0000; 0,0000
244; 25479; 26,8000; 28,4400; -9,8138; -0,3807; 0,4022; 9,8402; -0,0527; -0,2682; 929,0000; 978,0000; 516,0000; 489,0000; 494,0000; 516,0000; 524,0000; 0,0000
245; 25490; 26,8000; 28,4400; -9,4260; -0,3017; 0,5339; 9,6654; 0,1101; 0,2370; 906,0000; 984,0000; 513,0000; 520,0000; 529,0000; 514,0000; 544,0000; 0,0000
246; 25505; 26,8000; 28,4400; -9,6822; -0,2945; 0,1125; 9,8474; -0,0024; 0,2682; 905,0000; 1023,0000; 492,0000; 510,0000; 500,0000; 526,0000; 547,0000; 0,0000
247; 25515; 26,8000; 28,4400; -9,8162; -0,3855; 0,8045; 9,9790; 0,1293; 0,3639; 861,0000; 991,0000; 512,0000; 509,0000; 495,0000; 489,0000; 545,0000; 0,0000
248; 25526; 26,8000; 28,4400; -9,5529; -0,1676; 0,7254; 9,6726; 0,2705; 0,2586; 898,0000; 909,0000; 523,0000; 476,0000; 515,0000; 507,0000; 545,0000; 0,0000
249; 25543; 26,8000; 28,4400; -9,5481; -0,4980; 0,4908; 10,0126; 0,2203; 0,6177; 855,0000; 923,0000; 489,0000; 499,0000; 510,0000; 525,0000; 536,0000; 0,0000
250; 25554; 26,8000; 28,4400; -9,5600; -0,1652; 0,7757; 9,6534; 0,0862; 0,1532; 968,0000; 1023,0000; 497,0000; 515,0000; 492,0000; 492,0000; 526,0000; 0,0000
251; 25564; 26,8000; 28,4400; -9,4571; -0,3280; 0,4286; 10,0772; 0,2035; 0,3496; 961,0000; 969,0000; 520,0000; 491,0000; 489,0000; 497,0000; 513,0000; 0,0000
252; 25581; 26,8000; 28,4400; -9,6774; -0,2322; 0,5411; 9,8593; 0,1532; 0,4717; 836,0000; 918,0000; 521,0000; 511,0000; 506,0000; 523,0000; 557,0000; 0,0000
253; 25592; 26,8000; 28,4600; -9,7540; -0,4381; 0,5004; 10,2592; 0,0934; 0,2825; 935,0000; 1001,0000; 500,0000; 517,0000; 521,0000; 514,0000; 524,0000; 0,0000
254; 25602; 26,8000; 28,4600; -9,8019; -0,3855; 0,2921; 9,9311; 0,0455; -0,0503; 966,0000; 936,0000; 486,0000; 486,0000; 505,0000; 487,0000; 548,0000; 0,0000
255; 25613; 26,8000; 28,4600; -9,5457; -0,3424; 0,3950; 10,2927; -0,0670; 0,1772; 901,0000; 997,0000; 502,0000; 487,0000; 485,0000; 521,0000; 536,0000; 0,0000
256; 25626; 26,8000; 28,4600; -9,7899; -0,1796; 0,5387; 10,3884; 0,0144; -0,1101; 959,0000; 954,0000; 513,0000; 500,0000; 488,0000; 487,0000; 542,0000; 0,0000
257; 25637; 26,8000; 28,4600; -9,6845; -0,5411; 0,4094; 10,4028; -0,0096; 0,3089; 884,0000; 1002,0000; 525,0000; 491,0000; 496,0000; 528,0000; 540,0000; 0,0000
258; 25647; 26,8000; 28,4600; -9,5577; -0,4884; 0,2562; 9,9192; -0,0599; 0,3472; 888,0000; 911,0000; 528,0000; 517,0000; 488,0000; 501,0000; 545,0000; 0,0000
259; 25662; 26,8000; 28,4600; -9,4619; -0,2562; 0,7398; 10,0006; 0,2227; 0,3567; 940,0000; 926,0000; 506,0000; 516,0000; 530,0000; 516,0000; 542,0000; 0,0000
260; 25673; 26,8000; 28,4600; -9,7276; -0,3041; 0,4310; 9,7396; 0,1125; 0,0551; 898,0000; 897,0000; 507,0000; 493,0000; 523,0000; 483,0000; 530,0000; 0,0000
261; 25683; 26,8000; 28,4600; -9,6079; -0,3112; 0,5387; 9,6798; 0,1652; 0,2322; 864,0000; 1012,0000; 488,0000; 484,0000; 519,0000; 518,0000; 546,0000; 0,0000
262; 25700; 26,8000; 28,4600; -9,5792; -0,3424; 0,4118; 10,0820; 0,2035; 0,2490; 945,0000; 955,0000; 489,0000; 497,0000; 504,0000; 525,0000; 545,0000; 0,0000
263; 25710; 26,8000; 28,4600; -9,7133; -0,3232; 1,2522; 9,9814; 0,0407; 0,1867; 846,0000; 951,0000; 486,0000; 516,0000; 504,0000; 500,0000; 529,0000; 0,0000
264; 25721; 26,8000; 28,4600; -9,6438; -0,2346; 0,3208; 9,9359; 0,0886; 0,2610; 918,0000; 930,0000; 491,0000; 489,0000; 502,0000; 492,0000; 533,0000; 0,0000
265; 25737; 26,8000; 28,4600; -9,6989; -0,3663; 0,2418; 9,9168; 0,0048; 0,1580; 863,0000; 992,0000; 491,0000; 481,0000; 495,0000; 509,0000; 539,0000; 0,0000
266; 25748; 26,8000; 28,4600; -9,7013; -0,1987; 0,6033; 10,0556; 0,1748; 0,3112; 853,0000; 1003,0000; 492,0000; 505,0000; 508,0000; 527,0000; 532,0000; 0,0000
267; 25758; 26,8000; 28,4600; -9,6606; -0,1867; 0,3591; 9,9407; 0,1532; 0,4310; 941,0000; 1004,0000; 510,0000; 510,0000; 508,0000; 489,0000; 527,0000; 0,0000
268; 25769; 26,8000; 28,4600; -9,6941; -0,3903; 0,5578; 9,9096; 0,1437; 0,6369; 921,0000; 956,0000; 506,0000; 488,0000; 509,0000; 510,0000; 531,0000; 0,0000
269; 25782; 26,8000; 28,4600; -9,6582; -0,2610; 0,5028; 9,9407; 0,0479; 0,1269; 924,0000; 958,0000; 507,0000; 501,0000; 505,0000; 484,0000; 532,0000; 0,0000
270; 25793; 26,8000; 28,4600; -9,6175; -0,2586; 0,4310; 9,8857; 0,1101; 0,2849; 962,0000; 992,0000; 508,0000; 487,0000; 513,0000; 515,0000; 509,0000; 0,0000
271; 25803; 26,8000; 28,4600; -9,3087; -0,1532; 0,5555; 9,7755; 0,1484; 0,2921; 933,0000; 973,0000; 508,0000; 518,0000; 508,0000; 514,0000; 528,0000; 0,0000
272; 25818; 26,8000; 28,4600; -9,7564; -0,3160; 0,7925; 10,0748; 0,0575; 0,1149; 929,0000; 937,0000; 510,0000; 510,0000; 507,0000; 529,0000; 521,0000; 0,0000
273; 25829; 26,8000; 28,4600; -9,6127; -0,2873; 0,5507; 10,0293; 0,1580; 0,2107; 942,0000; 975,0000; 508,0000; 512,0000; 508,0000; 495,0000; 528,0000; 0,0000
274; 25839; 26,8000; 28,4600; -9,7109; -0,3639; 0,0934; 10,1586; 0,0862; 0,3663; 922,0000; 957,0000; 508,0000; 490,0000; 512,0000; 511,0000; 528,0000; 0,0000
275; 25857; 26,8000; 28,4600; -9,7181; -0,3136; 0,6033; 10,0987; 0,0503; 0,1844; 916,0000; 1023,0000; 506,0000; 506,0000; 505,0000; 526,0000; 513,0000; 0,0000
276; 25868; 26,8000; 28,4600; -9,5098; -0,3065; 0,6943; 10,0269; 0,0886; 0,3160; 943,0000; 994,0000; 512,0000; 513,0000; 506,0000; 491,0000; 528,0000; 0,0000
277; 25878; 26,8000; 28,4600; -9,5816; -0,3448; 0,5171; 9,8928; 0,0742; 0,1101; 925,0000; 960,0000; 508,0000; 483,0000; 505,0000; 505,0000; 534,0000; 0,0000
278; 25895; 26,8000; 28,4600; -9,6079; -0,3136; 0,5674; 9,9072; -0,0215; 0,0718; 909,0000; 940,0000; 509,0000; 483,0000; 504,0000; 516,0000; 498,0000; 0,0000
279; 25905; 26,8000; 28,4600; -9,5146; -0,2466; 0,5555; 10,0461; 0,0096; 0,3831; 943,0000; 972,0000; 508,0000; 520,0000; 509,0000; 518,0000; 526,0000; 0,0000
280; 25916; 26,8000; 28,4600; -9,8761; -0,1963; 0,0551; 9,7276; 0,0910; 0,5004; 914,0000; 966,0000; 506,0000; 501,0000; 505,0000; 481,0000; 511,0000; 0,0000
281; 25929; 26,8000; 28,4600; -9,7037; -0,1772; 0,7638; 9,8521; 0,1724; 0,4980; 968,0000; 993,0000; 508,0000; 485,0000; 508,0000; 515,0000; 509,0000; 0,0000
282; 25940; 26,8000; 28,4600; -9,7276; -0,1748; 0,8188; 9,8282; 0,0311; 0,2682; 902,0000; 992,0000; 509,0000; 493,0000; 513,0000; 493,0000; 518,0000; 0,0000
283; 25950; 26,8000; 28,4600; -9,3398; -0,2849; 0,8045; 9,9958; 0,1365; 0,1724; 964,0000; 984,0000; 508,0000; 493,0000; 508,0000; 523,0000; 517,0000; 0,0000
284; 25961; 26,8000; 28,4600; -9,9335; -0,3591; 0,5842; 9,8833; 0,1030; 0,3639; 925,0000; 959,0000; 507,0000; 522,0000; 507,0000; 509,0000; 518,0000; 0,0000
285; 25976; 26,8000; 28,4600; -9,3494; -0,3424; 0,4477; 10,0149; 0,1532; 0,5555; 947,0000; 936,0000; 506,0000; 512,0000; 509,0000; 523,0000; 525,0000; 0,0000
286; 25986; 26,8000; 28,4600; -9,7348; -0,3687; 0,3663; 9,9910; 0,1939; 0,3591; 932,0000; 965,0000; 509,0000; 501,0000; 507,0000; 486,0000; 532,0000; 0,0000
287; 25997; 26,8000; 28,4600; -9,6606; -0,3184; 0,7039; 9,9431; 0,0000; -0,0287; 979,0000; 937,0000; 509,0000; 485,0000; 511,0000; 519,0000; 517,0000; 0,0000
288; 26014; 26,8000; 28,4600; -9,8019; -0,3448; 0,4070; 9,6654; 0,0910; 0,2562; 910,0000; 1023,0000; 508,0000; 506,0000; 505,0000; 525,0000; 520,0000; 0,0000
289; 26025; 26,8000; 28,4600; -9,5912; -0,3783; 0,1460; 9,8785; 0,0383; 0,3759; 902,0000; 974,0000; 508,0000; 516,0000; 507,0000; 492,0000; 519,0000; 0,0000
290; 26035; 26,8000; 28,4600; -9,4763; -0,3735; 0,7039; 10,1634; 0,2682; 0,3759; 930,0000; 970,0000; 509,0000; 483,0000; 506,0000; 507,0000; 530,0000; 0,0000
291; 26051; 26,8000; 28,4600; -9,7444; -0,3879; 0,7207; 9,9647; 0,0862; 0,0335; 963,0000; 947,0000; 506,0000; 482,0000; 507,0000; 514,0000; 535,0000; 0,0000
292; 26062; 26,8000; 28,4600; -9,2632; -0,2394; 0,2011; 10,1203; 0,0551; 0,3711; 951,0000; 980,0000; 508,0000; 516,0000; 510,0000; 523,0000; 519,0000; 0,0000
293; 26072; 26,8000; 28,4600; -9,8521; -0,2538; 0,7829; 9,8330; 0,1700; -0,0383; 932,0000; 972,0000; 510,0000; 503,0000; 507,0000; 486,0000; 529,0000; 0,0000
294; 26086; 26,8000; 28,4600; -10,0102; -0,2777; 0,8954; 9,7037; 0,1413; 0,3687; 954,0000; 981,0000; 509,0000; 518,0000; 507,0000; 511,0000; 526,0000; 0,0000
295; 26097; 26,8000; 28,4600; -9,7229; -0,3136; 0,3017; 10,1562; 0,0886; 0,3663; 919,0000; 942,0000; 516,0000; 493,0000; 506,0000; 484,0000; 538,0000; 0,0000
296; 26107; 26,8000; 28,4600; -9,5672; -0,3567; 0,5674; 9,9934; 0,0335; 0,3376; 945,0000; 974,0000; 506,0000; 482,0000; 511,0000; 521,0000; 525,0000; 0,0000
297; 26118; 26,8000; 28,4600; -9,6486; -0,3639; 0,4884; 9,8521; 0,0670; 0,2298; 922,0000; 970,0000; 508,0000; 520,0000; 506,0000; 507,0000; 531,0000; 0,0000
298; 26133; 26,8000; 28,4600; -13,6924; -0,1317; -1,2426; 8,7484; -0,7470; 0,0910; 897,0000; 943,0000; 509,0000; 512,0000; 512,0000; 519,0000; 540,0000; 0,0000
299; 26143; 26,8000; 28,4600; -7,8003; -0,8428; 2,3846; 9,7300; 0,1221; 1,1636; 955,0000; 975,0000; 508,0000; 507,0000; 505,0000; 490,0000; 521,0000; 0,0000
300; 26154; 26,8000; 28,4600; -9,8904; -0,4573; -0,1652; 9,7971; 0,1317; 0,1077; 933,0000; 963,0000; 508,0000; 482,0000; 506,0000; 507,0000; 536,0000; 0,0000
301; 26171; 26,8000; 28,4600; -9,1626; -0,2418; 0,1604; 10,1586; 0,1365; 0,5076; 894,0000; 1014,0000; 505,0000; 485,0000; 505,0000; 514,0000; 501,0000; 0,0000
302; 26182; 26,8000; 28,4600; -10,0245; -0,2658; 0,8116; 9,9886; 0,0838; 0,3065; 899,0000; 951,0000; 508,0000; 515,0000; 508,0000; 524,0000; 538,0000; 0,0000
303; 26192; 26,8000; 28,4600; -9,3087; -0,2705; 0,3663; 9,8474; 0,1317; 0,3496; 966,0000; 1015,0000; 510,0000; 521,0000; 504,0000; 506,0000; 532,0000; 0,0000
304; 26208; 26,8000; 28,4600; -9,5241; -0,3711; 0,6919; 9,5816; 0,0192; 0,3065; 917,0000; 991,0000; 508,0000; 510,0000; 506,0000; 527,0000; 520,0000; 0,0000
305; 26219; 26,8000; 28,4600; -9,7923; -0,3089; 0,4142; 10,1275; 0,1053; 0,1030; 925,0000; 964,0000; 507,0000; 524,0000; 507,0000; 508,0000; 501,0000; 0,0000
306; 26229; 26,8000; 28,4600; -9,8162; -0,2514; 0,6273; 9,8809; 0,1245; 0,4525; 901,0000; 1023,0000; 510,0000; 514,0000; 506,0000; 489,0000; 515,0000; 0,0000
307; 26243; 26,8000; 28,4600; -9,1650; 0,0958; 0,5842; 10,5297; 0,7518; 0,0359; 961,0000; 988,0000; 510,0000; 492,0000; 510,0000; 518,0000; 520,0000; 0,0000
308; 26253; 26,8000; 28,4600; -10,0533; -0,3998; 0,6488; 10,0389; -0,0718; -0,1125; 934,0000; 1005,0000; 509,0000; 494,0000; 506,0000; 528,0000; 526,0000; 0,0000
309; 26264; 26,8000; 28,4600; -9,8258; -0,4238; 0,2418; 10,0820; 0,2227; 0,0215; 919,0000; 956,0000; 512,0000; 499,0000; 508,0000; 530,0000; 533,0000; 0,0000
310; 26279; 26,8000; 28,4600; -9,6558; -0,4094; 0,4262; 9,5936; -0,0838; 0,3543; 912,0000; 948,0000; 507,0000; 506,0000; 503,0000; 527,0000; 532,0000; 0,0000
311; 26289; 26,8000; 28,4600; -9,9719; -0,1939; 0,4741; 9,9982; 0,0551; 0,2993; 938,0000; 962,0000; 509,0000; 501,0000; 509,0000; 483,0000; 532,0000; 0,0000
312; 26300; 26,8000; 28,4600; -9,3637; -0,2083; -0,0862; 10,3262; 0,3472; 0,0886; 930,0000; 972,0000; 507,0000; 503,0000; 506,0000; 485,0000; 531,0000; 0,0000
313; 26310; 26,8000; 28,4600; -9,6247; -0,3328; 0,7350; 9,9168; 0,0335; -0,0311; 918,0000; 980,0000; 509,0000; 509,0000; 509,0000; 487,0000; 527,0000; 0,0000
314; 26326; 26,8000; 28,4600; -9,1291; -0,2394; 0,7733; 9,7707; 0,2131; 0,4621; 921,0000; 987,0000; 508,0000; 488,0000; 507,0000; 516,0000; 522,0000; 0,0000
315; 26336; 26,8000; 28,4600; -9,8162; -0,2203; 0,2849; 10,1466; 0,0862; 0,2346; 946,0000; 956,0000; 505,0000; 483,0000; 508,0000; 510,0000; 532,0000; 0,0000
316; 26347; 26,8000; 28,4600; -9,7492; -0,2059; 0,4549; 9,7276; 0,1101; 0,3089; 936,0000; 986,0000; 507,0000; 482,0000; 507,0000; 498,0000; 540,0000; 0,0000
317; 26363; 26,8000; 28,4600; -9,6151; -0,2682; 0,5171; 10,0940; 0,2442; 0,3376; 911,0000; 1023,0000; 506,0000; 506,0000; 506,0000; 524,0000; 520,0000; 0,0000
318; 26374; 26,8000; 28,4600; -9,7995; -0,3496; 0,5746; 10,1323; 0,0503; 0,6081; 938,0000; 977,0000; 508,0000; 487,0000; 512,0000; 522,0000; 527,0000; 0,0000
319; 26384; 26,8000; 28,4600; -9,5002; -0,2562; 0,4693; 9,9096; 0,1293; 0,1293; 936,0000; 973,0000; 508,0000; 480,0000; 508,0000; 506,0000; 529,0000; 0,0000
320; 26398; 26,8000; 28,4600; -9,2799; -0,2921; 0,3687; 9,8114; 0,1532; 0,3065; 933,0000; 964,0000; 508,0000; 483,0000; 512,0000; 506,0000; 529,0000; 0,0000
321; 26408; 26,8000; 28,4600; -9,8474; -0,3256; 0,4764; 10,1107; 0,0934; 0,3543; 904,0000; 991,0000; 508,0000; 494,0000; 509,0000; 484,0000; 518,0000; 0,0000
322; 26419; 26,8000; 28,4600; -9,8617; -0,2370; 0,6871; 9,8641; 0,1365; 0,2801; 936,0000; 940,0000; 508,0000; 527,0000; 516,0000; 500,0000; 535,0000; 0,0000
323; 26434; 26,8000; 28,4600; -9,6031; -0,3304; 0,8547; 9,7923; 0,0718; 0,2969; 911,0000; 983,0000; 506,0000; 523,0000; 510,0000; 490,0000; 514,0000; 0,0000
324; 26444; 26,8000; 28,4600; -9,6199; -0,3903; 0,4214; 9,9623; 0,1125; 0,2610; 929,0000; 939,0000; 506,0000; 509,0000; 508,0000; 525,0000; 538,0000; 0,0000
325; 26455; 26,8000; 28,4600; -9,8019; -0,3304; 0,5722; 10,0533; 0,0383; 0,3448; 925,0000; 963,0000; 507,0000; 492,0000; 507,0000; 506,0000; 528,0000; 0,0000
326; 26465; 26,8000; 28,4600; -9,5888; -0,2227; 0,3615; 9,9719; 0,1293; 0,2394; 937,0000; 964,0000; 508,0000; 510,0000; 509,0000; 487,0000; 526,0000; 0,0000
327; 26483; 26,8000; 28,4600; -9,7061; -0,2777; 0,3783; 9,9527; 0,1006; 0,2083; 986,0000; 958,0000; 508,0000; 499,0000; 507,0000; 492,0000; 512,0000; 0,0000
328; 26493; 26,8000; 28,4600; -9,5553; -0,3496; 0,4717; 9,9671; 0,0383; 0,4357; 904,0000; 998,0000; 508,0000; 511,0000; 506,0000; 521,0000; 540,0000; 0,0000
329; 26504; 26,8000; 28,4600; -9,8426; -0,3112; 0,6416; 9,8665; 0,1365; 0,2466; 989,0000; 938,0000; 508,0000; 479,0000; 508,0000; 505,0000; 522,0000; 0,0000
330; 26521; 26,8000; 28,4600; -9,4954; -0,2203; 0,5028; 10,0365; 0,0886; 0,2753; 971,0000; 963,0000; 508,0000; 494,0000; 507,0000; 497,0000; 523,0000; 0,0000
331; 26531; 26,8000; 28,4600; -9,7300; -0,2969; 0,6488; 10,0293; 0,1245; 0,3496; 950,0000; 927,0000; 508,0000; 523,0000; 505,0000; 522,0000; 537,0000; 0,0000
332; 26542; 26,8000; 28,4600; -9,8545; -0,4142; 0,2658; 9,9455; 0,1652; 0,3807; 999,0000; 948,0000; 510,0000; 483,0000; 508,0000; 489,0000; 539,0000; 0,0000
333; 26555; 26,8000; 28,4600; -9,5289; -0,3879; 0,2705; 9,9790; 0,0766; 0,2322; 997,0000; 1002,0000; 509,0000; 520,0000; 504,0000; 502,0000; 531,0000; 0,0000
334; 26566; 26,8000; 28,4600; -9,8497; -0,3184; 0,5363; 10,0796; 0,0622; 0,3663; 924,0000; 959,0000; 510,0000; 482,0000; 505,0000; 508,0000; 530,0000; 0,0000
335; 26576; 26,8000; 28,4600; -9,7899; -0,4525; 0,2610; 10,1179; 0,0694; 0,3759; 960,0000; 948,0000; 508,0000; 527,0000; 504,0000; 510,0000; 522,0000; 0,0000
336; 26591; 26,8000; 28,4600; -9,7995; -0,4812; 0,3711; 9,7468; 0,0862; 0,1963; 925,0000; 1020,0000; 508,0000; 483,0000; 509,0000; 504,0000; 513,0000; 0,0000
337; 26602; 26,8000; 28,4600; -9,7181; -0,2682; 0,7207; 10,1179; 0,0934; 0,3256; 954,0000; 973,0000; 509,0000; 517,0000; 508,0000; 512,0000; 528,0000; 0,0000
338; 26612; 26,7900; 28,4600; -9,6175; -0,1413; 0,5076; 9,9168; 0,1125; 0,2897; 903,0000; 953,0000; 511,0000; 495,0000; 506,0000; 485,0000; 502,0000; 0,0000
339; 26623; 26,7900; 28,4600; -9,5672; -0,3112; 0,4357; 9,8114; 0,1963; 0,5124; 896,0000; 980,0000; 509,0000; 484,0000; 508,0000; 526,0000; 526,0000; 0,0000
340; 26638; 26,7900; 28,4600; -9,4499; -0,2610; 0,4549; 9,6510; 0,1772; 0,4884; 902,0000; 1023,0000; 506,0000; 514,0000; 507,0000; 492,0000; 538,0000; 0,0000
341; 26648; 26,7900; 28,4600; -9,9311; -0,3855; 0,6871; 9,9024; 0,0670; 0,0000; 943,0000; 996,0000; 507,0000; 488,0000; 512,0000; 489,0000; 521,0000; 0,0000
342; 26659; 26,7900; 28,4600; -10,1011; -0,4717; 0,3950; 9,6031; 0,0862; 0,2921; 940,0000; 939,0000; 508,0000; 502,0000; 504,0000; 524,0000; 535,0000; 0,0000
343; 26673; 26,7900; 28,4600; -9,5074; -0,2179; 0,4190; 10,1107; 0,1676; 0,4741; 928,0000; 959,0000; 507,0000; 526,0000; 510,0000; 505,0000; 530,0000; 0,0000
344; 26684; 26,7900; 28,4600; -9,4786; -0,2993; 0,3687; 10,1897; 0,1963; 0,2993; 930,0000; 960,0000; 509,0000; 500,0000; 510,0000; 485,0000; 528,0000; 0,0000
345; 26695; 26,7900; 28,4600; -10,2711; -0,4621; 0,3663; 9,8737; 0,0215; 0,4094; 928,0000; 938,0000; 508,0000; 483,0000; 507,0000; 496,0000; 532,0000; 0,0000
346; 26708; 26,8000; 28,4600; -9,9264; -0,4190; 0,5578; 9,9862; 0,0982; 0,1053; 934,0000; 990,0000; 508,0000; 498,0000; 503,0000; 527,0000; 533,0000; 0,0000
347; 26719; 26,8000; 28,4600; -9,5840; -0,2179; 0,5339; 10,1131; 0,0479; 0,4357; 962,0000; 938,0000; 509,0000; 511,0000; 511,0000; 526,0000; 536,0000; 0,0000
348; 26729; 26,8000; 28,4600; -9,7540; -0,4238; 0,2179; 9,9575; 0,0455; -0,0072; 949,0000; 959,0000; 511,0000; 520,0000; 510,0000; 515,0000; 537,0000; 0,0000
349; 26744; 26,8000; 28,4600; -9,2703; -0,3591; 0,3831; 10,0197; 0,0168; 0,4836; 974,0000; 977,0000; 508,0000; 519,0000; 506,0000; 501,0000; 518,0000; 0,0000
350; 26755; 26,8000; 28,4600; -9,6702; -0,2035; 0,9050; 9,8330; 0,2370; 0,4214; 926,0000; 943,0000; 509,0000; 508,0000; 508,0000; 487,0000; 525,0000; 0,0000
351; 26765; 26,8000; 28,4600; -9,4739; -0,2993; 0,2227; 9,9455; 0,0958; 0,3615; 950,0000; 1023,0000; 508,0000; 507,0000; 506,0000; 485,0000; 520,0000; 0,0000
352; 26780; 26,8000; 28,4600; -9,4451; -0,4884; 0,6776; 9,8857; 0,0670; 0,3855; 922,0000; 963,0000; 507,0000; 504,0000; 505,0000; 483,0000; 531,0000; 0,0000
353; 26791; 26,8000; 28,4600; -9,6630; -0,2394; 0,3352; 9,8952; 0,1844; 0,3256; 990,0000; 1023,0000; 511,0000; 503,0000; 510,0000; 511,0000; 510,0000; 0,0000
354; 26801; 26,8000; 28,4600; -9,9264; -0,1820; 0,3615; 9,9359; 0,0431; 0,3926; 991,0000; 1016,0000; 510,0000; 506,0000; 510,0000; 508,0000; 510,0000; 0,0000
355; 26812; 26,8000; 28,4600; -9,5577; -0,2921; 0,6033; 9,8881; 0,0958; 0,3974; 989,0000; 1017,0000; 512,0000; 504,0000; 508,0000; 510,0000; 509,0000; 0,0000
356; 26827; 26,8000; 28,4600; -9,5912; -0,3184; 0,5171; 9,9000; 0,0455; 0,2322; 994,0000; 1016,0000; 509,0000; 504,0000; 508,0000; 509,0000; 509,0000; 0,0000
357; 26837; 26,8000; 28,4600; -9,5505; -0,3184; 0,5818; 9,9240; 0,1006; 0,2442; 990,0000; 1016,0000; 511,0000; 503,0000; 511,0000; 509,0000; 510,0000; 0,0000
358; 26848; 26,8000; 28,4600; -9,6893; -0,3136; 0,5124; 9,9695; 0,0838; 0,2777; 990,0000; 1019,0000; 511,0000; 505,0000; 510,0000; 510,0000; 512,0000; 0,0000
359; 26862; 26,8000; 28,4600; -9,6175; -0,3663; 0,4621; 9,9503; 0,1365; 0,2634; 990,0000; 1017,0000; 511,0000; 504,0000; 510,0000; 513,0000; 512,0000; 0,0000
360; 26872; 26,8000; 28,4600; -9,5864; -0,2610; 0,6536; 9,8809; 0,0910; 0,3112; 990,0000; 1017,0000; 511,0000; 504,0000; 512,0000; 509,0000; 509,0000; 0,0000
361; 26883; 26,8000; 28,4600; -9,6438; -0,2801; 0,5842; 9,9671; 0,0934; 0,2897; 993,0000; 1020,0000; 513,0000; 505,0000; 508,0000; 510,0000; 510,0000; 0,0000
362; 26897; 26,8000; 28,4600; -9,6630; -0,2777; 0,4429; 9,9288; 0,0934; 0,3089; 990,0000; 1017,0000; 512,0000; 503,0000; 510,0000; 510,0000; 509,0000; 0,0000
363; 26908; 26,8000; 28,4600; -9,6271; -0,2705; 0,5602; 9,9671; 0,0910; 0,2969; 993,0000; 1018,0000; 513,0000; 503,0000; 509,0000; 511,0000; 511,0000; 0,0000
364; 26918; 26,8000; 28,4600; -9,6055; -0,2538; 0,5914; 9,9599; 0,1532; 0,2753; 995,0000; 1016,0000; 510,0000; 504,0000; 510,0000; 511,0000; 513,0000; 0,0000
365; 26935; 26,8000; 28,4600; -9,6462; -0,2562; 0,5195; 9,9527; 0,0814; 0,2394; 995,0000; 1016,0000; 508,0000; 505,0000; 509,0000; 508,0000; 510,0000; 0,0000
366; 26946; 26,8000; 28,4600; -9,6558; -0,2753; 0,5626; 9,8881; 0,0335; 0,1796; 991,0000; 1017,0000; 510,0000; 504,0000; 510,0000; 508,0000; 510,0000; 0,0000
367; 26956; 26,8000; 28,4600; -9,5936; -0,2825; 0,5124; 9,9335; 0,1532; 0,2969; 989,0000; 1017,0000; 511,0000; 505,0000; 510,0000; 511,0000; 510,0000; 0,0000
368; 26967; 26,8000; 28,4600; -9,6510; -0,2945; 0,5148; 9,9168; 0,0287; 0,3041; 993,0000; 1017,0000; 512,0000; 505,0000; 509,0000; 510,0000; 511,0000; 0,0000
369; 26982; 26,8000; 28,4600; -9,5481; -0,3017; 0,5483; 9,9240; 0,0958; 0,2203; 991,0000; 1018,0000; 506,0000; 504,0000; 510,0000; 508,0000; 510,0000; 0,0000
370; 26993; 26,8000; 28,4600; -9,6391; -0,2682; 0,5219; 9,9168; 0,0694; 0,2897; 990,0000; 1016,0000; 511,0000; 506,0000; 509,0000; 508,0000; 509,0000; 0,0000
371; 27003; 26,8000; 28,4600; -9,7324; -0,2179; 0,5818; 9,9359; 0,1365; 0,3448; 993,0000; 1017,0000; 511,0000; 505,0000; 511,0000; 511,0000; 509,0000; 0,0000
372; 27017; 26,8000; 28,4600; -9,6582; -0,3041; 0,4932; 9,9288; 0,0790; 0,3783; 991,0000; 1016,0000; 510,0000; 505,0000; 510,0000; 511,0000; 511,0000; 0,0000
373; 27027; 26,8000; 28,4600; -9,6438; -0,3208; 0,5052; 9,9383; 0,0455; 0,3256; 992,0000; 1017,0000; 511,0000; 504,0000; 512,0000; 509,0000; 510,0000; 0,0000
374; 27038; 26,8000; 28,4600; -9,6486; -0,2801; 0,4645; 9,9311; 0,1748; 0,2514; 992,0000; 1017,0000; 512,0000; 506,0000; 510,0000; 509,0000; 513,0000; 0,0000
375; 27053; 26,8000; 28,4600; -9,6103; -0,2825; 0,5387; 9,9575; 0,0694; 0,3376; 995,0000; 1019,0000; 509,0000; 503,0000; 510,0000; 509,0000; 510,0000; 0,0000
376; 27063; 26,8000; 28,4600; -9,6702; -0,2753; 0,5387; 9,9120; 0,1413; 0,2969; 991,0000; 1016,0000; 509,0000; 503,0000; 508,0000; 510,0000; 511,0000; 0,0000
377; 27074; 26,8000; 28,4600; -9,6127; -0,3112; 0,5243; 9,9359; 0,0335; 0,2945; 995,0000; 1017,0000; 509,0000; 505,0000; 510,0000; 509,0000; 510,0000; 0,0000
378; 27090; 26,8000; 28,4600; -9,6271; -0,3041; 0,6273; 9,8737; 0,0120; 0,2849; 991,0000; 1016,0000; 512,0000; 506,0000; 510,0000; 511,0000; 509,0000; 0,0000
379; 27101; 26,8000; 28,4600; -9,6965; -0,2945; 0,5531; 9,9455; 0,1460; 0,2610; 990,0000; 1017,0000; 510,0000; 505,0000; 511,0000; 509,0000; 511,0000; 0,0000
380; 27111; 26,8000; 28,4600; -9,5768; -0,2514; 0,4573; 9,9120; 0,0407; 0,3400; 992,0000; 1016,0000; 507,0000; 504,0000; 511,0000; 509,0000; 511,0000; 0,0000
381; 27127; 26,8000; 28,4600; -9,6510; -0,3041; 0,5028; 9,9311; 0,1413; 0,2011; 991,0000; 1016,0000; 511,0000; 504,0000; 512,0000; 507,0000; 512,0000; 0,0000
382; 27137; 26,8000; 28,4600; -9,6199; -0,3352; 0,5028; 9,9000; 0,1125; 0,3926; 990,0000; 1017,0000; 513,0000; 504,0000; 510,0000; 511,0000; 509,0000; 0,0000
383; 27148; 26,8000; 28,4600; -9,6247; -0,2849; 0,5243; 9,9575; 0,0838; 0,3256; 990,0000; 1020,0000; 510,0000; 502,0000; 512,0000; 510,0000; 510,0000; 0,0000
384; 27158; 26,8000; 28,4600; -9,6702; -0,3089; 0,4645; 9,9407; 0,1125; 0,2610; 992,0000; 1016,0000; 512,0000; 505,0000; 509,0000; 507,0000; 510,0000; 0,0000
385; 27172; 26,8000; 28,4600; -9,6079; -0,3615; 0,5148; 9,9479; 0,0742; 0,2442; 990,0000; 1017,0000; 511,0000; 505,0000; 508,0000; 508,0000; 510,0000; 0,0000
386; 27182; 26,8000; 28,4600; -9,6702; -0,2897; 0,5890; 9,9551; 0,0766; 0,3304; 990,0000; 1017,0000; 511,0000; 506,0000; 508,0000; 510,0000; 512,0000; 0,0000
387; 27193; 26,8000; 28,4600; -9,6103; -0,2825; 0,5339; 9,9838; 0,0814; 0,2442; 991,0000; 1017,0000; 511,0000; 505,0000; 508,0000; 508,0000; 509,0000; 0,0000
388; 27208; 26,8000; 28,4600; -9,6582; -0,3112; 0,5555; 9,9431; 0,1221; 0,2394; 991,0000; 1018,0000; 509,0000; 503,0000; 510,0000; 510,0000; 511,0000; 0,0000
389; 27218; 26,8000; 28,4600; -9,6438; -0,2538; 0,5124; 9,9072; 0,1149; 0,3280; 990,0000; 1016,0000; 510,0000; 507,0000; 510,0000; 509,0000; 511,0000; 0,0000
390; 27229; 26,8000; 28,4600; -9,6295; -0,3328; 0,5291; 9,9383; 0,1293; 0,3280; 993,0000; 1016,0000; 513,0000; 504,0000; 510,0000; 509,0000; 510,0000; 0,0000
391; 27244; 26,8000; 28,4700; -9,6175; -0,3112; 0,4525; 9,8928; 0,0838; 0,3160; 991,0000; 1016,0000; 512,0000; 504,0000; 508,0000; 510,0000; 510,0000; 0,0000
392; 27254; 26,8000; 28,4700; -9,6319; -0,3017; 0,5555; 9,9719; 0,1365; 0,2993; 993,0000; 1016,0000; 510,0000; 505,0000; 509,0000; 510,0000; 511,0000; 0,0000
393; 27265; 26,8000; 28,4700; -9,5912; -0,2682; 0,5435; 9,9335; 0,0766; 0,2538; 990,0000; 1016,0000; 512,0000; 508,0000; 510,0000; 511,0000; 510,0000; 0,0000
394; 27279; 26,8000; 28,4700; -9,6343; -0,2993; 0,5315; 9,9120; 0,0503; 0,2538; 991,0000; 1021,0000; 511,0000; 503,0000; 511,0000; 508,0000; 511,0000; 0,0000
395; 27290; 26,8000; 28,4700; -9,5720; -0,2921; 0,6033; 9,9216; 0,1532; 0,2322; 994,0000; 1017,0000; 510,0000; 505,0000; 511,0000; 509,0000; 511,0000; 0,0000
396; 27300; 26,8000; 28,4700; -9,5648; -0,2993; 0,5267; 9,8857; 0,0766; 0,3112; 991,0000; 1017,0000; 512,0000; 505,0000; 509,0000; 510,0000; 512,0000; 0,0000
397; 27311; 26,8000; 28,4700; -9,6414; -0,2945; 0,5076; 9,8976; 0,0383; 0,2801; 990,0000; 1018,0000; 513,0000; 503,0000; 510,0000; 511,0000; 509,0000; 0,0000
398; 27325; 26,8000; 28,4700; -9,6031; -0,3041; 0,4286; 9,9240; 0,0790; 0,2825; 993,0000; 1017,0000; 510,0000; 505,0000; 510,0000; 509,0000; 508,0000; 0,0000
399; 27335; 26,8000; 28,4600; -9,6726; -0,2586; 0,5028; 9,9695; 0,0862; 0,3089; 994,0000; 1017,0000; 510,0000; 504,0000; 511,0000; 509,0000; 510,0000; 0,0000
400; 27346; 26,8000; 28,4600; -9,6678; -0,2777; 0,5124; 9,9503; 0,0982; 0,2155; 990,0000; 1016,0000; 511,0000; 504,0000; 509,0000; 510,0000; 511,0000; 0,0000
401; 27360; 26,8000; 28,4600; -9,5936; -0,2777; 0,5411; 9,9192; 0,0886; 0,2897; 990,0000; 1015,0000; 510,0000; 503,0000; 510,0000; 510,0000; 510,0000; 0,0000
402; 27371; 26,8000; 28,4600; -9,6199; -0,2969; 0,4669; 9,9311; 0,1748; 0,2849; 994,0000; 1017,0000; 512,0000; 505,0000; 512,0000; 508,0000; 509,0000; 0,0000
403; 27382; 26,8000; 28,4600; -9,6606; -0,2514; 0,4956; 9,9000; 0,0503; 0,2801; 990,0000; 1017,0000; 509,0000; 504,0000; 510,0000; 508,0000; 511,0000; 0,0000
404; 27398; 26,8000; 28,4600; -9,6343; -0,2969; 0,6105; 9,9000; 0,0622; 0,2825; 990,0000; 1018,0000; 512,0000; 504,0000; 511,0000; 508,0000; 510,0000; 0,0000
405; 27409; 26,8000; 28,4600; -9,6223; -0,2705; 0,5578; 9,9359; 0,1365; 0,3160; 991,0000; 1016,0000; 510,0000; 505,0000; 509,0000; 512,0000; 512,0000; 0,0000
406; 27419; 26,8000; 28,4600; -9,6462; -0,2634; 0,5100; 9,9000; 0,0742; 0,3879; 993,0000; 1016,0000; 509,0000; 505,0000; 511,0000; 510,0000; 510,0000; 0,0000
407; 27434; 26,8000; 28,4600; -9,6678; -0,2777; 0,6057; 9,9647; 0,1221; 0,3903; 990,0000; 1017,0000; 511,0000; 504,0000; 510,0000; 511,0000; 510,0000; 0,0000
408; 27445; 26,8000; 28,4600; -9,6271; -0,3256; 0,5674; 9,8713; 0,1125; 0,2825; 991,0000; 1017,0000; 510,0000; 502,0000; 509,0000; 508,0000; 514,0000; 0,0000
409; 27456; 26,8000; 28,4600; -9,6007; -0,3184; 0,5148; 9,9934; 0,1508; 0,2634; 991,0000; 1022,0000; 509,0000; 504,0000; 511,0000; 511,0000; 511,0000; 0,0000
410; 27469; 26,8000; 28,4600; -9,6151; -0,2873; 0,4094; 9,8426; 0,1149; 0,2442; 990,0000; 1017,0000; 510,0000; 508,0000; 509,0000; 509,0000; 510,0000; 0,0000
411; 27480; 26,8000; 28,4600; -9,6510; -0,3208; 0,6057; 9,8641; 0,0503; 0,2346; 995,0000; 1017,0000; 511,0000; 505,0000; 510,0000; 508,0000; 509,0000; 0,0000
412; 27490; 26,8000; 28,4600; -9,6199; -0,2969; 0,5507; 9,8809; 0,1173; 0,3304; 991,0000; 1016,0000; 511,0000; 507,0000; 508,0000; 509,0000; 510,0000; 0,0000
413; 27501; 26,8000; 28,4600; -9,6534; -0,2777; 0,5291; 9,8928; 0,0742; 0,2753; 991,0000; 1018,0000; 511,0000; 504,0000; 509,0000; 511,0000; 510,0000; 0,0000
